2009.1.3 0:00,4.97103E-08,2010.1.2 0:00,7.64429E-06,2011.1.1 0:00,0.128162068,2012.1.2 0:00,8.764382025,2013.1.2 0:00,23.10649218,2014.1.1 0:00,11740.80209,2015.1.2 0:00,323243.6531,2016.1.1 0:00,697129.1664,2017.1.1 0:00,2463610.662,2018.1.2 0:00,16415540.67
2009.1.5 0:00,0,2010.1.4 0:00,1.11724E-05,2011.1.3 0:00,0.132945992,2012.1.4 0:00,8.879702841,2013.1.4 0:00,20.88471409,2014.1.3 0:00,11493.6341,2015.1.4 0:00,335365.2901,2016.1.3 0:00,769424.0429,2017.1.3 0:00,2589949.671,2018.1.4 0:00,16127548.73
2009.1.7 0:00,0,2010.1.6 0:00,9.29076E-06,2011.1.5 0:00,0.121596944,2012.1.6 0:00,9.80226937,2013.1.6 0:00,21.03283263,2014.1.5 0:00,12692.35667,2015.1.6 0:00,317182.8346,2016.1.5 0:00,841718.9194,2017.1.5 0:00,2210932.646,2018.1.6 0:00,16127548.73
2009.1.9 0:00,6.95944E-07,2010.1.8 0:00,8.82034E-06,2011.1.7 0:00,0.116733066,2012.1.8 0:00,9.283325697,2013.1.8 0:00,23.26118199,2014.1.7 0:00,13185.94832,2015.1.8 0:00,272736.8323,2016.1.7 0:00,743604.4442,2017.1.7 0:00,2195140.27,2018.1.8 0:00,15935554.1
2009.1.11 0:00,5.26929E-06,2010.1.10 0:00,1.12312E-05,2011.1.9 0:00,0.123218236,2012.1.10 0:00,9.077623651,2013.1.10 0:00,23.58425396,2014.1.9 0:00,12762.86976,2015.1.10 0:00,284858.4693,2016.1.9 0:00,821063.2404,2017.1.9 0:00,2147763.141,2018.1.10 0:00,15935554.1
2009.1.13 0:00,5.71668E-06,2010.1.12 0:00,1.07692E-05,2011.1.11 0:00,0.131324699,2012.1.12 0:00,10.32113374,2013.1.12 0:00,19.22278234,2014.1.11 0:00,14596.21017,2015.1.12 0:00,358478.281,2016.1.11 0:00,877866.3577,2017.1.11 0:00,2562350.134,2018.1.12 0:00,17087521.86
2009.1.15 0:00,6.3132E-06,2010.1.14 0:00,1.02502E-05,2011.1.13 0:00,0.149969564,2012.1.14 0:00,9.948080714,2013.1.14 0:00,24.87654185,2014.1.13 0:00,18058.64887,2015.1.14 0:00,330062.3197,2016.1.13 0:00,862135.5394,2017.1.13 0:00,2528855.361,2018.1.14 0:00,17165770.55
2009.1.17 0:00,5.36871E-06,2010.1.16 0:00,8.69325E-06,2011.1.15 0:00,0.157644927,2012.1.16 0:00,9.823729705,2013.1.16 0:00,19.86892628,2014.1.15 0:00,15211.96531,2015.1.16 0:00,325690.6334,2016.1.15 0:00,693089.3552,2017.1.15 0:00,2796813.545,2018.1.16 0:00,17608758.18
2009.1.19 0:00,5.91552E-06,2010.1.18 0:00,8.43375E-06,2011.1.17 0:00,0.158561467,2012.1.18 0:00,8.828921633,2013.1.18 0:00,20.19199825,2014.1.17 0:00,13610.7058,2015.1.18 0:00,325690.6334,2016.1.17 0:00,783247.3201,2017.1.17 0:00,2646087.067,2018.1.18 0:00,19159214.88
2009.1.21 0:00,5.61726E-06,2010.1.20 0:00,9.0825E-06,2011.1.19 0:00,0.162227629,2012.1.20 0:00,8.580219616,2013.1.20 0:00,21.32275015,2014.1.19 0:00,16368.43051,2015.1.20 0:00,262301.1812,2016.1.19 0:00,839596.0482,2017.1.19 0:00,2914045.251,2018.1.20 0:00,19712949.41
2009.1.23 0:00,3.33059E-06,2010.1.22 0:00,9.73125E-06,2011.1.21 0:00,0.163144169,2012.1.22 0:00,8.450978823,2013.1.22 0:00,20.67660621,2014.1.21 0:00,15300.92417,2015.1.22 0:00,327876.4765,2016.1.21 0:00,755072.9561,2017.1.21 0:00,3031276.956,2018.1.22 0:00,18494733.44
2009.1.25 0:00,9.64379E-06,2010.1.24 0:00,9.40687E-06,2011.1.23 0:00,0.155811847,2012.1.24 0:00,8.77601647,2013.1.24 0:00,23.90732593,2014.1.23 0:00,15834.67734,2015.1.24 0:00,264487.0244,2016.1.23 0:00,1008642.232,2017.1.23 0:00,2715269.052,2018.1.24 0:00,19491455.6
2009.1.27 0:00,5.12016E-06,2010.1.26 0:00,1.3498E-05,2011.1.25 0:00,0.142980283,2012.1.26 0:00,8.450978823,2013.1.26 0:00,22.13679333,2014.1.25 0:00,16903.79922,2015.1.26 0:00,277602.0835,2016.1.25 0:00,974832.9956,2017.1.25 0:00,2930146.459,2018.1.26 0:00,20056949.54
2009.1.29 0:00,6.06465E-06,2010.1.28 0:00,1.15602E-05,2011.1.27 0:00,0.175078626,2012.1.28 0:00,10.07616706,2013.1.28 0:00,21.84163609,2014.1.27 0:00,17558.13983,2015.1.28 0:00,324166.339,2016.1.27 0:00,918901.0182,2017.1.27 0:00,3320832.653,2018.1.28 0:00,20445148.56
2009.1.31 0:00,6.41262E-06,2010.1.30 0:00,1.20279E-05,2011.1.29 0:00,0.164136212,2012.1.30 0:00,10.79124988,2013.1.30 0:00,21.39890022,2014.1.29 0:00,17230.96953,2015.1.30 0:00,285184.3109,2016.1.29 0:00,1014371.254,2017.1.29 0:00,3262229.724,2018.1.30 0:00,21609745.63
2009.2.2 0:00,6.3132E-06,2010.2.1 0:00,1.19611E-05,2011.1.31 0:00,0.164136212,2012.2.1 0:00,8.77601647,2013.2.1 0:00,22.5795292,2014.1.31 0:00,20066.44552,2015.2.1 0:00,348786.5672,2016.1.31 0:00,1068073.261,2017.1.31 0:00,2832474.91,2018.2.1 0:00,20703947.91
2009.2.4 0:00,6.11436E-06,2010.2.3 0:00,1.62377E-05,2011.2.2 0:00,0.177267109,2012.2.3 0:00,10.40120471,2013.2.3 0:00,24.35047267,2014.2.2 0:00,19412.10491,2015.2.3 0:00,276977.5681,2016.2.2 0:00,978569.9154,2017.2.2 0:00,3066886.627,2018.2.3 0:00,20445148.56
2009.2.6 0:00,6.41262E-06,2010.2.5 0:00,2.21493E-05,2011.2.4 0:00,0.207905868,2012.2.5 0:00,9.327239883,2013.2.5 0:00,28.00576717,2014.2.4 0:00,18430.59399,2015.2.5 0:00,301597.7964,2016.2.4 0:00,1103874.6,2017.2.4 0:00,3043000.843,2018.2.5 0:00,23938939.78
2009.2.8 0:00,6.66118E-06,2010.2.7 0:00,1.87139E-05,2011.2.6 0:00,0.191492247,2012.2.7 0:00,9.807318406,2013.2.7 0:00,24.09798571,2014.2.6 0:00,21761.8906,2015.2.7 0:00,352889.9386,2016.2.6 0:00,1139675.938,2017.2.6 0:00,2623276.589,2018.2.7 0:00,20149017.21
2009.2.10 0:00,6.3132E-06,2010.2.9 0:00,1.88948E-05,2011.2.8 0:00,0.222286199,2012.2.9 0:00,9.875901052,2013.2.9 0:00,22.14409498,2014.2.8 0:00,22804.37638,2015.2.9 0:00,342533.0607,2016.2.8 0:00,1153414.864,2017.2.8 0:00,3063987.056,2018.2.9 0:00,19291612.22
2009.2.12 0:00,5.86581E-06,2010.2.11 0:00,1.60922E-05,2011.2.10 0:00,0.244256346,2012.2.11 0:00,9.464405175,2013.2.11 0:00,25.88905221,2014.2.10 0:00,19937.54049,2015.2.11 0:00,331483.6071,2016.2.10 0:00,1210727.404,2017.2.10 0:00,3105959.481,2018.2.11 0:00,21578025.52
2009.2.14 0:00,7.00915E-06,2010.2.13 0:00,2.02508E-05,2011.2.12 0:00,0.245548708,2012.2.13 0:00,10.08164899,2013.2.13 0:00,25.56340376,2014.2.12 0:00,21761.8906,2015.2.13 0:00,309384.7,2016.2.12 0:00,1139086.729,2017.2.12 0:00,2959055.992,2018.2.13 0:00,23435736.33
2009.2.16 0:00,6.11436E-06,2010.2.15 0:00,2.32461E-05,2011.2.14 0:00,0.240379262,2012.2.15 0:00,9.73873576,2013.2.15 0:00,28.65706409,2014.2.14 0:00,24889.34793,2015.2.15 0:00,296125.3557,2016.2.14 0:00,1289532.147,2017.2.14 0:00,3546669.948,2018.2.15 0:00,18720008.9
2009.2.18 0:00,6.16407E-06,2010.2.17 0:00,2.91519E-05,2011.2.16 0:00,0.298535534,2012.2.17 0:00,9.73873576,2013.2.17 0:00,30.28530636,2014.2.16 0:00,25149.96938,2015.2.17 0:00,342533.0607,2016.2.16 0:00,1067446.055,2017.2.16 0:00,3189904.332,2018.2.17 0:00,21292223.86
2009.2.20 0:00,6.36291E-06,2010.2.19 0:00,2.24922E-05,2011.2.18 0:00,0.391485055,2012.2.19 0:00,10.74136802,2013.2.19 0:00,30.12780025,2014.2.18 0:00,25980.5117,2015.2.19 0:00,362422.0771,2016.2.18 0:00,1289532.147,2017.2.18 0:00,3330515.744,,
2009.2.22 0:00,6.01494E-06,2010.2.21 0:00,2.68901E-05,2011.2.20 0:00,0.340736992,2012.2.21 0:00,8.757293674,2013.2.21 0:00,35.7540762,2014.2.20 0:00,26602.7994,2015.2.21 0:00,304964.9185,2016.2.20 0:00,1284099.851,2017.2.20 0:00,3242870.593,,
2009.2.24 0:00,5.51784E-06,2010.2.23 0:00,3.15393E-05,2011.2.22 0:00,0.384235332,2012.2.23 0:00,11.49394795,2013.2.23 0:00,29.40182916,2014.2.22 0:00,25513.79592,2015.2.23 0:00,317934.932,2016.2.22 0:00,1056537.852,2017.2.22 0:00,3045669.003,,
2009.2.26 0:00,4.77219E-06,2010.2.25 0:00,2.78186E-05,2011.2.24 0:00,0.387860193,2012.2.25 0:00,11.42553159,2013.2.25 0:00,35.39109065,2014.2.24 0:00,28314.09059,2015.2.25 0:00,362028.0977,2016.2.24 0:00,999647.3525,2017.2.24 0:00,3637273.773,,
2009.2.28 0:00,5.07045E-06,2010.2.27 0:00,3.25177E-05,2011.2.26 0:00,0.454920133,2012.2.27 0:00,10.80978438,2013.2.27 0:00,36.84303283,2014.2.26 0:00,28158.51867,2015.2.27 0:00,366669.4836,2016.2.26 0:00,1219082.137,2017.2.26 0:00,3900209.227,,
2009.3.2 0:00,5.16987E-06,2010.3.1 0:00,3.49612E-05,2011.2.28 0:00,0.461482779,2012.2.29 0:00,12.72544237,2013.3.1 0:00,34.30627041,2014.2.28 0:00,35659.96387,2015.3.1 0:00,348103.9401,2016.2.28 0:00,1210954.923,2017.2.28 0:00,3352427.032,,
2009.3.4 0:00,5.26929E-06,2010.3.3 0:00,2.78186E-05,2011.3.2 0:00,0.467009519,2012.3.2 0:00,9.897222875,2013.3.3 0:00,33.00350064,2014.3.2 0:00,28262.41817,2015.3.3 0:00,357386.7119,2016.3.1 0:00,1040283.424,2017.3.2 0:00,3440072.183,,
2009.3.6 0:00,5.86581E-06,2010.3.5 0:00,3.28936E-05,2011.3.4 0:00,0.549910617,2012.3.4 0:00,9.673977247,2013.3.5 0:00,32.56924406,2014.3.4 0:00,26365.61158,2015.3.5 0:00,264558.9945,2016.3.3 0:00,1080919.495,2017.3.4 0:00,3069265.85,,
2009.3.8 0:00,5.56755E-06,2010.3.7 0:00,3.25177E-05,2011.3.6 0:00,0.746109882,2012.3.6 0:00,11.01345102,2013.3.7 0:00,33.00350064,2014.3.6 0:00,30728.26674,2015.3.7 0:00,327217.7037,2016.3.5 0:00,1292227.065,2017.3.6 0:00,3252505.602,,
2009.3.10 0:00,5.21958E-06,2010.3.9 0:00,3.33357E-05,2011.3.8 0:00,0.533330397,2012.3.8 0:00,11.6087727,2013.3.9 0:00,36.91180993,2014.3.8 0:00,33194.1153,2015.3.9 0:00,311208.0239,2016.3.7 0:00,1220696.147,2017.3.8 0:00,3252505.602,,
2009.3.12 0:00,5.86581E-06,2010.3.11 0:00,3.28852E-05,2011.3.10 0:00,0.450719123,2012.3.10 0:00,12.87383126,2013.3.11 0:00,40.38586263,2014.3.10 0:00,31297.30871,2015.3.11 0:00,391367.6664,2016.3.9 0:00,1299450.738,2017.3.10 0:00,3573175.168,,
2009.3.14 0:00,5.76639E-06,2010.3.13 0:00,3.55881E-05,2011.3.12 0:00,0.518895124,2012.3.12 0:00,12.57617042,2013.3.13 0:00,33.43775723,2014.3.12 0:00,31866.35069,2015.3.13 0:00,327711.4797,2016.3.11 0:00,1283699.82,2017.3.12 0:00,3550270.199,,
2009.3.16 0:00,6.46234E-06,2010.3.15 0:00,2.79299E-05,2011.3.14 0:00,0.443144011,2012.3.14 0:00,10.26929892,2013.3.15 0:00,40.96623399,2014.3.14 0:00,29367.84755,2015.3.15 0:00,346572.572,2016.3.13 0:00,1031685.131,2017.3.14 0:00,3573175.168,,
2009.3.18 0:00,5.46813E-06,2010.3.17 0:00,2.77047E-05,2011.3.16 0:00,0.552983125,2012.3.16 0:00,10.6507282,2013.3.17 0:00,48.91850294,2014.3.16 0:00,33382.15765,2015.3.17 0:00,337142.0259,2016.3.15 0:00,1197069.77,2017.3.16 0:00,3504460.261,,
2009.3.20 0:00,5.86581E-06,2010.3.19 0:00,2.99571E-05,2011.3.18 0:00,0.52268268,2012.3.18 0:00,11.61897621,2013.3.19 0:00,47.47263586,2014.3.18 0:00,30635.52442,2015.3.19 0:00,337142.0259,2016.3.17 0:00,1063186.967,2017.3.18 0:00,3712647.139,,
2009.3.22 0:00,4.72248E-06,2010.3.21 0:00,4.07687E-05,2011.3.20 0:00,0.473444456,2012.3.20 0:00,11.02313128,2013.3.21 0:00,53.73805988,2014.3.20 0:00,35283.67296,2015.3.21 0:00,337142.0259,2016.3.19 0:00,1110630.46,2017.3.20 0:00,3216051.025,,
2009.3.24 0:00,5.21958E-06,2010.3.23 0:00,4.65218E-05,2011.3.22 0:00,0.477232012,2012.3.22 0:00,11.61897621,2013.3.23 0:00,50.60534787,2014.3.22 0:00,37185.18827,2015.3.23 0:00,358360.7548,2016.3.21 0:00,1036588.429,2017.3.22 0:00,3807236.875,,
2009.3.26 0:00,5.61726E-06,2010.3.25 0:00,4.221E-05,2011.3.24 0:00,0.575708459,2012.3.24 0:00,12.81066608,2013.3.25 0:00,45.26778087,2014.3.24 0:00,42044.61628,2015.3.25 0:00,385508.7702,2016.3.23 0:00,1242260.737,2017.3.24 0:00,4161948.385,,
2009.3.28 0:00,5.91552E-06,2010.3.27 0:00,3.94868E-05,2011.3.26 0:00,0.483475502,2012.3.26 0:00,11.32105375,2013.3.27 0:00,41.93926757,2014.3.26 0:00,39324.9976,2015.3.27 0:00,399442.8222,2016.3.25 0:00,1192899.383,2017.3.26 0:00,3925474.045,,
2009.3.30 0:00,6.21378E-06,2010.3.29 0:00,4.35716E-05,2011.3.28 0:00,0.558911396,2012.3.28 0:00,11.84241806,2013.3.29 0:00,60.57894204,2014.3.28 0:00,45547.30735,2015.3.29 0:00,350673.6404,2016.3.27 0:00,1258714.521,2017.3.28 0:00,3665352.271,,
2009.4.1 0:00,5.319E-06,2010.3.31 0:00,4.69756E-05,2011.3.30 0:00,0.534909066,2012.3.30 0:00,12.12846182,2013.3.31 0:00,52.25765879,2014.3.30 0:00,37084.96609,2015.3.31 0:00,346028.9564,2016.3.29 0:00,1398571.69,2017.3.30 0:00,4073274.033,,
2009.4.3 0:00,5.61726E-06,2010.4.2 0:00,4.47716E-05,2011.4.1 0:00,0.600058248,2012.4.1 0:00,12.12846182,2013.4.2 0:00,58.24898273,2014.4.1 0:00,44551.73779,2015.4.2 0:00,341384.2724,2016.3.31 0:00,1028361.537,2017.4.1 0:00,3278488.856,,
2009.4.5 0:00,6.41262E-06,2010.4.4 0:00,5.02168E-05,2011.4.3 0:00,0.572627013,2012.4.3 0:00,10.34962075,2013.4.4 0:00,53.25621278,2014.4.3 0:00,51769.6171,2015.4.4 0:00,357640.6663,2016.4.2 0:00,1244135.057,2017.4.3 0:00,4371318.475,,
2009.4.7 0:00,4.92132E-06,2010.4.6 0:00,4.38641E-05,2011.4.5 0:00,0.692638663,2012.4.5 0:00,9.621913043,2013.4.6 0:00,64.07971834,2014.4.5 0:00,54454.16888,2015.4.6 0:00,317081.1503,2016.4.4 0:00,1360254.329,2017.4.5 0:00,4023599.96,,
2009.4.9 0:00,4.92132E-06,2010.4.8 0:00,5.89896E-05,2011.4.7 0:00,0.663134716,2012.4.7 0:00,10.6730464,2013.4.8 0:00,64.46114524,2014.4.7 0:00,44415.13216,2015.4.8 0:00,292501.2162,2016.4.6 0:00,1285606.226,2017.4.7 0:00,4023599.96,,
2009.4.11 0:00,6.06465E-06,2010.4.10 0:00,7.26026E-05,2011.4.9 0:00,0.650854443,2012.4.9 0:00,12.20931823,2013.4.10 0:00,70.18254866,2014.4.9 0:00,44110.91892,2015.4.10 0:00,349035.0647,2016.4.8 0:00,1169486.954,2017.4.9 0:00,3949088.849,,
2009.4.13 0:00,5.71668E-06,2010.4.12 0:00,8.43532E-05,2011.4.11 0:00,0.630387322,2012.4.11 0:00,11.56246693,2013.4.12 0:00,65.98685282,2014.4.11 0:00,45327.77186,2015.4.12 0:00,334287.1042,2016.4.10 0:00,1443196.666,2017.4.11 0:00,4147785.144,,
2009.4.15 0:00,5.56755E-06,2010.4.14 0:00,7.77448E-05,2011.4.13 0:00,0.822778259,2012.4.13 0:00,9.883251608,2013.4.14 0:00,62.17258387,2014.4.13 0:00,60538.43356,2015.4.14 0:00,388362.9593,2016.4.12 0:00,1260723.524,2017.4.13 0:00,3287972.007,,
2009.4.17 0:00,5.71668E-06,2010.4.16 0:00,7.85223E-05,2011.4.15 0:00,0.552612263,2012.4.15 0:00,9.177305065,2013.4.16 0:00,69.80112177,2014.4.15 0:00,59321.58062,2015.4.16 0:00,339203.091,2016.4.14 0:00,1465554.23,2017.4.15 0:00,3909321.047,,
2009.4.19 0:00,5.91552E-06,2010.4.18 0:00,0.000103012,2011.4.17 0:00,0.728629503,2012.4.17 0:00,11.13826769,2013.4.18 0:00,72.71669197,2014.4.17 0:00,60364.10607,2015.4.18 0:00,326913.124,2016.4.16 0:00,1270147,2017.4.17 0:00,3572756.984,,
2009.4.21 0:00,6.11436E-06,2010.4.20 0:00,7.96885E-05,2011.4.19 0:00,0.647277934,2012.4.19 0:00,12.23640675,2013.4.20 0:00,64.68662782,2014.4.19 0:00,56547.98442,2015.4.20 0:00,408026.9066,2016.4.18 0:00,1199089.825,2017.4.19 0:00,3702204.7,,
2009.4.23 0:00,3.97682E-06,2010.4.22 0:00,0.000100871,2011.4.21 0:00,0.757452902,2012.4.21 0:00,11.53046021,2013.4.22 0:00,72.27057729,2014.4.21 0:00,61404.86652,2015.4.22 0:00,338442.9619,2016.4.20 0:00,1465554.23,2017.4.21 0:00,4323553.741,,
2009.4.25 0:00,6.06465E-06,2010.4.24 0:00,8.37745E-05,2011.4.23 0:00,0.78040602,2012.4.23 0:00,11.60889871,2013.4.24 0:00,78.07006806,2014.4.23 0:00,60711.02622,2015.4.24 0:00,284008.0799,2016.4.22 0:00,1270147,2017.4.23 0:00,3961100.134,,
2009.4.27 0:00,5.21958E-06,2010.4.26 0:00,9.6882E-05,2011.4.25 0:00,0.863037245,2012.4.25 0:00,10.82451367,2013.4.26 0:00,76.73172404,2014.4.25 0:00,56894.90457,2015.4.26 0:00,352643.3659,2016.4.24 0:00,1172443.384,2017.4.25 0:00,3831652.417,,
2009.4.29 0:00,6.11436E-06,2010.4.28 0:00,9.97315E-05,2011.4.27 0:00,0.872218493,2012.4.27 0:00,9.883251608,2013.4.28 0:00,74.50115066,2014.4.27 0:00,57935.66502,2015.4.28 0:00,371577.2379,2016.4.26 0:00,1341204.175,2017.4.27 0:00,3814281.634,,
2009.5.1 0:00,6.11436E-06,2010.4.30 0:00,8.71938E-05,2011.4.29 0:00,0.927305976,2012.4.29 0:00,12.44873829,2013.4.30 0:00,74.63339018,2014.4.29 0:00,54813.38367,2015.4.30 0:00,314775.6219,2016.4.28 0:00,1207843.183,2017.4.29 0:00,4488916.48,,
2009.5.3 0:00,5.66697E-06,2010.5.2 0:00,9.6882E-05,2011.5.1 0:00,1.068539452,2012.5.1 0:00,13.42363949,2013.5.2 0:00,72.128914,2014.5.1 0:00,66817.88587,2015.5.2 0:00,347909.8979,2016.4.30 0:00,1296655.182,2017.5.1 0:00,3892124.116,,
2009.5.5 0:00,6.56176E-06,2010.5.4 0:00,8.30357E-05,2011.5.3 0:00,1.128508503,2012.5.3 0:00,12.44873829,2013.5.4 0:00,77.13786636,2014.5.3 0:00,57272.47361,2015.5.4 0:00,312624.3333,2016.5.2 0:00,1394348.38,2017.5.3 0:00,3425069.222,,
2009.5.7 0:00,6.01494E-06,2010.5.6 0:00,9.64492E-05,2011.5.5 0:00,1.242994872,2012.5.5 0:00,11.6988143,2013.5.6 0:00,81.64592348,2014.5.5 0:00,49715.68889,2015.5.6 0:00,338676.3611,2016.5.4 0:00,1492041.579,2017.5.5 0:00,3347226.74,,
2009.5.9 0:00,4.52363E-06,2010.5.8 0:00,9.4533E-05,2011.5.7 0:00,1.193929285,2012.5.7 0:00,12.82370029,2013.5.8 0:00,81.64592348,2014.5.7 0:00,64829.25832,2015.5.8 0:00,350518.1919,2016.5.6 0:00,1438754.38,2017.5.7 0:00,4333231.516,,
2009.5.11 0:00,5.91552E-06,2010.5.10 0:00,8.75069E-05,2011.5.9 0:00,1.357481242,2012.5.9 0:00,14.12994691,2013.5.10 0:00,83.64950443,2014.5.9 0:00,66022.43485,2015.5.10 0:00,305519.2348,2016.5.8 0:00,1447635.58,2017.5.9 0:00,4021861.587,,
2009.5.13 0:00,5.71668E-06,2010.5.12 0:00,7.72871E-05,2011.5.11 0:00,1.463314603,2012.5.11 0:00,10.59746018,2013.5.12 0:00,89.15935203,2014.5.11 0:00,66022.43485,2015.5.12 0:00,374201.8535,2016.5.10 0:00,1403229.58,2017.5.11 0:00,3757901.049,,
2009.5.15 0:00,7.10857E-06,2010.5.14 0:00,7.66484E-05,2011.5.13 0:00,1.572867568,2012.5.13 0:00,11.37288409,2013.5.14 0:00,81.74987297,2014.5.13 0:00,74817.97102,2015.5.14 0:00,331571.2626,2016.5.12 0:00,1342247.87,2017.5.13 0:00,4398136.043,,
2009.5.17 0:00,6.21378E-06,2010.5.16 0:00,6.13187E-05,2011.5.15 0:00,1.784148286,2012.5.15 0:00,11.28672588,2013.5.16 0:00,80.6376298,2014.5.15 0:00,73057.54817,2015.5.16 0:00,303150.8687,2016.5.14 0:00,1390530.167,2017.5.15 0:00,4732171.692,,
2009.5.19 0:00,4.97103E-06,2010.5.18 0:00,0.000107308,2011.5.17 0:00,2.034555063,2012.5.17 0:00,10.16666911,2013.5.18 0:00,81.74987297,2014.5.17 0:00,80539.34527,2015.5.18 0:00,332393.9691,2016.5.16 0:00,1361560.789,2017.5.17 0:00,4314627.131,,
2009.5.21 0:00,4.42421E-06,2010.5.20 0:00,0.000107765,2011.5.19 0:00,2.196416463,2012.5.19 0:00,12.57909907,2013.5.20 0:00,76.74477871,2014.5.19 0:00,77898.711,2015.5.20 0:00,344525.1358,2016.5.18 0:00,1487094.762,2017.5.19 0:00,4565153.868,,
2009.5.23 0:00,3.47972E-07,2010.5.22 0:00,0.000113065,2011.5.21 0:00,2.584733186,2012.5.21 0:00,11.37288409,2013.5.22 0:00,92.31618308,2014.5.21 0:00,78338.81671,2015.5.22 0:00,344525.1358,2016.5.20 0:00,1438812.464,2017.5.21 0:00,4091936.698,,
2009.5.25 0:00,5.56755E-06,2010.5.24 0:00,0.000111887,2011.5.23 0:00,3.361366632,2012.5.23 0:00,10.42514375,2013.5.24 0:00,90.09169674,2014.5.23 0:00,69536.70248,2015.5.24 0:00,342098.9025,2016.5.22 0:00,1776788.547,2017.5.23 0:00,4976737.782,,
2009.5.27 0:00,6.21378E-06,2010.5.26 0:00,0.000124842,2011.5.25 0:00,3.543390095,2012.5.25 0:00,9.174760781,2013.5.26 0:00,97.26804906,2014.5.25 0:00,78483.25676,2015.5.26 0:00,327541.5024,2016.5.24 0:00,1456454.923,2017.5.25 0:00,4828620.586,,
2009.5.29 0:00,5.319E-06,2010.5.28 0:00,0.000128965,2011.5.27 0:00,4.280335327,2012.5.27 0:00,12.97121352,2013.5.28 0:00,97.87219843,2014.5.27 0:00,67048.61008,2015.5.28 0:00,320262.8023,2016.5.26 0:00,1357376.357,2017.5.27 0:00,4976737.782,,
2009.5.31 0:00,5.86581E-06,2010.5.30 0:00,0.000124747,2011.5.29 0:00,3.739888948,2012.5.29 0:00,10.75661609,2013.5.30 0:00,102.101244,2014.5.29 0:00,68088.12341,2015.5.30 0:00,300852.9355,2016.5.28 0:00,1317744.93,2017.5.29 0:00,4473139.316,,
2009.6.2 0:00,4.42421E-06,2010.6.1 0:00,0.000109876,2011.5.31 0:00,3.242678278,2012.5.31 0:00,11.54754374,2013.6.1 0:00,119.6215759,2014.5.31 0:00,79003.01342,2015.6.1 0:00,332393.9691,2016.5.30 0:00,1436639.21,2017.5.31 0:00,4858244.025,,
2009.6.4 0:00,1.9387E-06,2010.6.3 0:00,0.000129704,2011.6.2 0:00,4.107392486,2012.6.2 0:00,12.3384714,2013.6.3 0:00,126.267219,2014.6.2 0:00,93036.44344,2015.6.3 0:00,335928.1799,2016.6.1 0:00,1426731.353,2017.6.2 0:00,4325022.12,,
2009.6.6 0:00,1.19305E-06,2010.6.5 0:00,0.000114833,2011.6.4 0:00,4.669456721,2012.6.4 0:00,11.94300757,2013.6.5 0:00,156.7035621,2014.6.4 0:00,95115.47011,2015.6.5 0:00,335928.1799,2016.6.3 0:00,1406915.64,2017.6.4 0:00,5432357.042,,
2009.6.8 0:00,3.57914E-06,2010.6.7 0:00,0.000128878,2011.6.6 0:00,7.049780324,2012.6.6 0:00,13.36667734,2013.6.7 0:00,124.8973935,2014.6.6 0:00,86494.36212,2015.6.7 0:00,395070.4651,2016.6.5 0:00,1694243.482,2017.6.6 0:00,5094943.561,,
2009.6.10 0:00,4.12595E-06,2010.6.9 0:00,0.000133834,2011.6.8 0:00,5.160439197,2012.6.8 0:00,11.70572927,2013.6.9 0:00,129.5519548,2014.6.8 0:00,87663.20486,2015.6.9 0:00,383242.0081,2016.6.7 0:00,1406915.64,2017.6.8 0:00,5567322.434,,
2009.6.12 0:00,4.52363E-06,2010.6.11 0:00,0.000138791,2011.6.10 0:00,6.373001413,2012.6.10 0:00,13.3790336,2013.6.11 0:00,136.5337967,2014.6.10 0:00,103442.5817,2015.6.11 0:00,366682.1682,2016.6.9 0:00,1608133.931,2017.6.10 0:00,4757530.08,,
2009.6.14 0:00,3.47972E-06,2010.6.13 0:00,0.00013911,2011.6.12 0:00,6.711390869,2012.6.12 0:00,11.01802767,2013.6.13 0:00,149.7217202,2014.6.12 0:00,90585.31168,2015.6.13 0:00,373779.2424,2016.6.11 0:00,1520417.535,2017.6.12 0:00,4959978.169,,
2009.6.16 0:00,3.62885E-06,2010.6.15 0:00,0.000169352,2011.6.14 0:00,6.344802292,2012.6.14 0:00,11.49022886,2013.6.15 0:00,136.5337967,2014.6.14 0:00,102858.1604,2015.6.15 0:00,370533.2886,2016.6.13 0:00,1569148.866,2017.6.14 0:00,4723788.732,,
2009.6.18 0:00,4.02653E-06,2010.6.17 0:00,0.000123558,2011.6.16 0:00,8.762322509,2012.6.16 0:00,12.59203163,2013.6.17 0:00,148.0494004,2014.6.16 0:00,118637.5372,2015.6.17 0:00,350771.5132,2016.6.15 0:00,1500925.002,2017.6.16 0:00,4993719.517,,
2009.6.20 0:00,4.17566E-06,2010.6.19 0:00,0.000136518,2011.6.18 0:00,8.805916154,2012.6.18 0:00,12.35593103,2013.6.19 0:00,120.1699679,2014.6.18 0:00,113768.8429,2015.6.19 0:00,397705.7298,2016.6.17 0:00,1452193.671,2017.6.18 0:00,5129905.644,,
2009.6.22 0:00,3.97682E-06,2010.6.21 0:00,0.000139974,2011.6.20 0:00,10.11372548,2012.6.20 0:00,11.67262013,2013.6.21 0:00,166.3152356,2014.6.20 0:00,123807.2702,2015.6.21 0:00,301367.0748,2016.6.19 0:00,1725089.126,2017.6.20 0:00,4882255.027,,
2009.6.24 0:00,4.22537E-06,2010.6.23 0:00,0.000147751,2011.6.22 0:00,11.77028397,2012.6.22 0:00,12.10176058,2013.6.23 0:00,169.1993148,2014.6.22 0:00,129161.0981,2015.6.23 0:00,353241.7352,2016.6.21 0:00,1551383.975,2017.6.22 0:00,4917633.687,,
2009.6.26 0:00,4.42421E-06,2010.6.25 0:00,0.000146622,2011.6.24 0:00,16.45440492,2012.6.24 0:00,12.01593249,2013.6.25 0:00,142.281242,2014.6.24 0:00,132507.2405,2015.6.25 0:00,395235.5079,2016.6.23 0:00,1457676.218,2017.6.24 0:00,5165284.304,,
2009.6.28 0:00,2.53522E-06,2010.6.27 0:00,0.000153374,2011.6.26 0:00,10.62680318,2012.6.26 0:00,12.7025572,2013.6.27 0:00,159.5857174,2014.6.26 0:00,114438.0713,2015.6.27 0:00,316188.4063,2016.6.25 0:00,1728387.516,2017.6.26 0:00,5023769.665,,
2009.6.30 0:00,4.32479E-06,2010.6.29 0:00,0.000155303,2011.6.28 0:00,10.48968314,2012.6.28 0:00,11.58679204,2013.6.29 0:00,170.754179,2014.6.28 0:00,125145.7271,2015.6.29 0:00,336442.8851,2016.6.27 0:00,1530560.029,2017.6.28 0:00,5554449.56,,
2009.7.2 0:00,3.57914E-06,2010.7.1 0:00,0.00020064,2011.6.30 0:00,12.40936371,2012.6.30 0:00,12.18758867,2013.7.1 0:00,162.2694993,2014.6.30 0:00,104506.2812,2015.7.1 0:00,356089.185,2016.6.29 0:00,1520148.056,2017.6.30 0:00,5448313.581,,
2009.7.4 0:00,4.42421E-06,2010.7.3 0:00,0.000192924,2011.7.2 0:00,11.99800359,2012.7.2 0:00,13.81832236,2013.7.3 0:00,185.6023685,2014.7.2 0:00,116210.9847,2015.7.3 0:00,397837.5722,2016.7.1 0:00,1634679.759,2017.7.2 0:00,6622798.791,,
2009.7.6 0:00,4.52363E-06,2010.7.5 0:00,0.000169773,2011.7.4 0:00,11.24384337,2012.7.4 0:00,13.84337907,2013.7.5 0:00,187.7235384,2014.7.4 0:00,133768.0399,2015.7.5 0:00,356089.185,2016.7.3 0:00,1603443.84,2017.7.4 0:00,5389830.931,,
2009.7.8 0:00,3.92711E-06,2010.7.7 0:00,0.000179911,2011.7.6 0:00,10.6953632,2012.7.6 0:00,13.32098741,2013.7.7 0:00,198.3293881,2014.7.6 0:00,124571.4872,2015.7.7 0:00,363456.5474,2016.7.5 0:00,1538177.127,2017.7.6 0:00,5002326.746,,
2009.7.10 0:00,4.07624E-06,2010.7.9 0:00,0.0002208,2011.7.8 0:00,11.42168584,2012.7.8 0:00,13.40805269,2013.7.9 0:00,213.1775775,2014.7.8 0:00,135440.1404,2015.7.9 0:00,338898.6726,2016.7.7 0:00,1463920.3,2017.7.8 0:00,5812562.768,,
2009.7.12 0:00,3.77798E-06,2010.7.11 0:00,0.000206781,2011.7.10 0:00,11.18859021,2012.7.10 0:00,13.14685686,2013.7.11 0:00,249.7082121,2014.7.10 0:00,128751.7384,2015.7.11 0:00,356089.185,2016.7.9 0:00,1580609.599,2017.7.10 0:00,6939847.669,,
2009.7.14 0:00,3.57914E-06,2010.7.13 0:00,0.001678569,2011.7.12 0:00,11.18859021,2012.7.12 0:00,13.14685686,2013.7.13 0:00,196.3851043,2014.7.12 0:00,137948.2912,2015.7.13 0:00,368157.8914,2016.7.11 0:00,1516960.891,2017.7.12 0:00,6235294.606,,
2009.7.16 0:00,3.43001E-06,2010.7.15 0:00,0.001407832,2011.7.14 0:00,11.96557564,2012.7.14 0:00,12.9727263,2013.7.15 0:00,222.3963764,2014.7.14 0:00,124959.9838,2015.7.15 0:00,391009.0709,2016.7.13 0:00,1379055.355,2017.7.14 0:00,5559049.844,,
2009.7.18 0:00,1.49131E-07,2010.7.17 0:00,0.001651496,2011.7.16 0:00,12.35406836,2012.7.16 0:00,12.88566102,2013.7.17 0:00,219.7952492,2014.7.16 0:00,142195.8436,2015.7.17 0:00,365618.8715,2016.7.15 0:00,1432095.946,2017.7.16 0:00,6518885.788,,
2009.7.20 0:00,3.72827E-06,2010.7.19 0:00,0.001480029,2011.7.18 0:00,11.8878771,2012.7.18 0:00,14.00960107,2013.7.19 0:00,219.7952492,2014.7.18 0:00,137025.0856,2015.7.19 0:00,363079.8515,2016.7.17 0:00,1580609.599,2017.7.18 0:00,6598872.117,,
2009.7.22 0:00,3.43001E-06,2010.7.21 0:00,0.001822962,2011.7.20 0:00,12.01984874,2012.7.20 0:00,12.89625529,2013.7.21 0:00,253.6099029,2014.7.20 0:00,146504.8085,2015.7.21 0:00,355462.7917,2016.7.19 0:00,1358434.534,2017.7.20 0:00,6478892.624,,
2009.7.24 0:00,3.72827E-06,2010.7.23 0:00,0.001750766,2011.7.22 0:00,12.01984874,2012.7.22 0:00,12.89625529,2013.7.23 0:00,225.2998321,2014.7.22 0:00,123236.3978,2015.7.23 0:00,378313.9712,2016.7.21 0:00,1411498.383,2017.7.22 0:00,6398906.295,,
2009.7.26 0:00,6.46234E-07,2010.7.25 0:00,0.001931257,2011.7.24 0:00,14.79365999,2012.7.24 0:00,14.93738922,2013.7.25 0:00,212.8694965,2014.7.24 0:00,128407.1557,2015.7.25 0:00,397611.6003,2016.7.23 0:00,1390272.843,2017.7.24 0:00,7118783.254,,
2009.7.28 0:00,2.18725E-06,2010.7.27 0:00,0.002124483,2011.7.26 0:00,14.20527578,2012.7.26 0:00,16.51462907,2013.7.27 0:00,256.375671,2014.7.26 0:00,130395.0986,2015.7.27 0:00,402809.1376,2016.7.25 0:00,1400885.613,2017.7.26 0:00,5878995.159,,
2009.7.30 0:00,6.95944E-07,2010.7.29 0:00,0.002124483,2011.7.28 0:00,14.03716601,2012.7.28 0:00,15.77239855,2013.7.29 0:00,257.929463,2014.7.28 0:00,126669.5244,2015.7.29 0:00,387216.5258,2016.7.27 0:00,1358434.534,2017.7.28 0:00,6414280.018,,
2009.8.1 0:00,1.14334E-06,2010.7.31 0:00,0.002294442,2011.7.30 0:00,12.77634272,2012.7.30 0:00,18.73004176,2013.7.31 0:00,309.2045972,2014.7.30 0:00,162993.8733,2015.7.31 0:00,361228.8395,2016.7.29 0:00,1560077.16,2017.7.30 0:00,6285994.418,,
2009.8.3 0:00,7.45654E-07,2010.8.2 0:00,0.003083536,2011.8.1 0:00,16.43111687,2012.8.1 0:00,14.27532912,2013.8.2 0:00,295.2204697,2014.8.1 0:00,142503.2149,2015.8.2 0:00,408006.6749,2016.7.31 0:00,1634366.548,2017.8.1 0:00,6371518.151,,
2009.8.5 0:00,4.52363E-06,2010.8.4 0:00,0.002767898,2011.8.3 0:00,14.92884333,2012.8.3 0:00,17.51512013,2013.8.4 0:00,317.8555672,2014.8.3 0:00,141571.8214,2015.8.4 0:00,374222.6827,2016.8.2 0:00,1555605.722,2017.8.3 0:00,5901137.617,,
2009.8.7 0:00,3.67856E-06,2010.8.6 0:00,0.002818471,2011.8.5 0:00,12.9571093,2012.8.5 0:00,14.680303,2013.8.6 0:00,351.314048,2014.8.5 0:00,122943.9502,2015.8.6 0:00,363827.6082,2016.8.4 0:00,1535533.39,2017.8.5 0:00,7568850.421,,
2009.8.9 0:00,4.87161E-06,2010.8.8 0:00,0.003361158,2011.8.7 0:00,12.11208044,2012.8.7 0:00,15.08527688,2013.8.8 0:00,375.4785063,2014.8.7 0:00,146228.7892,2015.8.8 0:00,411296.57,2016.8.6 0:00,1676039.713,2017.8.7 0:00,6542565.619,,
2009.8.11 0:00,3.33059E-06,2010.8.10 0:00,0.003623748,2011.8.9 0:00,12.48764882,2012.8.9 0:00,16.09771157,2013.8.10 0:00,369.9020929,2014.8.9 0:00,169672.5214,2015.8.10 0:00,458451.5907,2016.8.8 0:00,1495388.726,2017.8.9 0:00,6333394.737,,
2009.8.13 0:00,4.02653E-06,2010.8.12 0:00,0.003816314,2011.8.11 0:00,12.67543301,2012.8.11 0:00,15.9964681,2013.8.12 0:00,425.6662275,2014.8.11 0:00,178499.4155,2015.8.12 0:00,322225.9752,2016.8.10 0:00,1525497.224,2017.8.11 0:00,6608759.726,,
2009.8.15 0:00,1.69015E-06,2010.8.14 0:00,0.004569073,2011.8.13 0:00,12.01818834,2012.8.13 0:00,16.66300633,2013.8.14 0:00,388.9725307,2014.8.13 0:00,153980.265,2015.8.14 0:00,351042.9323,2016.8.12 0:00,1495388.726,2017.8.13 0:00,6792336.385,,
2009.8.17 0:00,8.45075E-07,2010.8.16 0:00,0.002951086,2011.8.15 0:00,13.42656978,2012.8.15 0:00,18.62336001,2013.8.16 0:00,434.4368525,2014.8.15 0:00,159864.8612,2015.8.16 0:00,385099.3362,2016.8.14 0:00,1645931.215,2017.8.15 0:00,6975913.044,,
2009.8.19 0:00,7.45654E-07,2010.8.18 0:00,0.003383573,2011.8.17 0:00,11.57928193,2012.8.17 0:00,15.57392095,2013.8.18 0:00,497.5817439,2014.8.17 0:00,161826.3932,2015.8.18 0:00,379859.8895,2016.8.16 0:00,1469587.965,2017.8.17 0:00,8215055.493,,
2009.8.21 0:00,7.95364E-07,2010.8.20 0:00,0.004248547,2011.8.19 0:00,12.11785318,2012.8.19 0:00,17.20754902,2013.8.20 0:00,457.1690134,2014.8.19 0:00,202037.8,2015.8.20 0:00,406057.1232,2016.8.18 0:00,1664092.254,2017.8.19 0:00,6930018.879,,
2009.8.23 0:00,5.96523E-07,2010.8.22 0:00,0.00506264,2011.8.21 0:00,13.01547194,2012.8.21 0:00,19.7124454,2013.8.22 0:00,525.365496,2014.8.21 0:00,199134.5961,2015.8.22 0:00,412658.0936,2016.8.20 0:00,1685703.842,2017.8.21 0:00,5277828.948,,
2009.8.25 0:00,2.73406E-06,2010.8.24 0:00,0.005215282,2011.8.23 0:00,15.25951882,2012.8.23 0:00,17.96990879,2013.8.24 0:00,607.9322986,2014.8.23 0:00,186096.0214,2015.8.24 0:00,423446.5405,2016.8.22 0:00,1718121.224,2017.8.23 0:00,7297172.197,,
2009.8.27 0:00,1.49131E-06,2010.8.26 0:00,0.005291603,2011.8.25 0:00,11.48952006,2012.8.25 0:00,15.89357527,2013.8.26 0:00,532.7578746,2014.8.25 0:00,158833.5469,2015.8.26 0:00,418052.317,2016.8.24 0:00,1653286.46,2017.8.25 0:00,4459277.508,,
2009.8.29 0:00,4.12595E-06,2010.8.28 0:00,0.005546983,2011.8.27 0:00,11.75880568,2012.8.27 0:00,18.07742531,2013.8.28 0:00,545.8316874,2014.8.27 0:00,190837.3213,2015.8.28 0:00,401869.6467,2016.8.26 0:00,1426364.789,2017.8.27 0:00,6843445.68,,
2009.8.31 0:00,4.67277E-06,2010.8.30 0:00,0.004617321,2011.8.29 0:00,11.22023443,2012.8.29 0:00,20.13995034,2013.8.30 0:00,634.0799243,2014.8.29 0:00,196763.9462,2015.8.30 0:00,388384.0881,2016.8.28 0:00,1642480.667,2017.8.29 0:00,6578538.105,,
2009.9.2 0:00,3.3803E-06,2010.9.1 0:00,0.005454017,2011.8.31 0:00,13.34442097,2012.8.31 0:00,17.34947529,2013.9.1 0:00,725.5966144,2014.8.31 0:00,231138.3705,2015.9.1 0:00,409960.9819,2016.8.30 0:00,1810682.895,2017.8.31 0:00,7196655.78,,
2009.9.4 0:00,3.13175E-06,2010.9.3 0:00,0.004958197,2011.9.2 0:00,14.31653111,2012.9.2 0:00,18.56272532,2013.9.3 0:00,604.6638454,2014.9.2 0:00,194978.3032,2015.9.3 0:00,407263.8701,2016.9.1 0:00,1547310.837,2017.9.2 0:00,7240807.042,,
2009.9.6 0:00,3.57914E-06,2010.9.5 0:00,0.005020175,2011.9.4 0:00,11.13507975,2012.9.4 0:00,15.52960026,2013.9.5 0:00,704.3985918,2014.9.4 0:00,227701.9345,2015.9.5 0:00,427538.3894,2016.9.3 0:00,1382703.301,2017.9.4 0:00,7726470.929,,
2009.9.8 0:00,3.28088E-06,2010.9.7 0:00,0.004679299,2011.9.6 0:00,13.25604733,2012.9.6 0:00,24.90946413,2013.9.7 0:00,704.3985918,2014.9.6 0:00,229065.4191,2015.9.7 0:00,385067.6885,2016.9.5 0:00,1536337.002,2017.9.6 0:00,7430760.766,,
2009.9.10 0:00,3.03233E-06,2010.9.9 0:00,0.005351093,2011.9.8 0:00,11.04670611,2012.9.8 0:00,18.74905902,2013.9.9 0:00,834.0425044,2014.9.8 0:00,208613.1496,2015.9.9 0:00,399224.5888,2016.9.7 0:00,1668023.03,2017.9.8 0:00,8027056.383,,
2009.9.12 0:00,3.52943E-06,2010.9.11 0:00,0.005740907,2011.9.10 0:00,12.63743178,2012.9.10 0:00,19.28474642,2013.9.11 0:00,868.6142144,2014.9.10 0:00,212703.6035,2015.9.11 0:00,489828.7508,2016.9.9 0:00,1569258.509,2017.9.10 0:00,6329907.319,,
2009.9.14 0:00,4.02653E-06,2010.9.13 0:00,0.005811783,2011.9.12 0:00,11.48857435,2012.9.12 0:00,18.88298087,2013.9.13 0:00,907.5073882,2014.9.12 0:00,219521.0267,2015.9.13 0:00,396393.2087,2016.9.11 0:00,1799709.059,2017.9.12 0:00,8623352,,
2009.9.16 0:00,2.8832E-06,2010.9.15 0:00,0.006662287,2011.9.14 0:00,13.26392523,2012.9.14 0:00,21.69533972,2013.9.15 0:00,1024.579581,2014.9.14 0:00,252083.493,2015.9.15 0:00,461514.9501,2016.9.13 0:00,1863551.353,2017.9.14 0:00,7981187.489,,
2009.9.18 0:00,4.02653E-06,2010.9.17 0:00,0.007654543,2011.9.16 0:00,10.99509591,2012.9.16 0:00,20.08827752,2013.9.17 0:00,990.9868074,2014.9.16 0:00,250600.6489,2015.9.17 0:00,399224.5888,2016.9.15 0:00,1728836.797,2017.9.16 0:00,7751843.021,,
2009.9.20 0:00,3.92711E-06,2010.9.19 0:00,0.009581379,2011.9.18 0:00,14.57286522,2012.9.18 0:00,22.36494897,2013.9.19 0:00,1091.765127,2014.9.18 0:00,274326.1542,2015.9.19 0:00,389344.0727,2016.9.17 0:00,1829872.714,2017.9.18 0:00,6965995.452,,
2009.9.22 0:00,1.69015E-06,2010.9.21 0:00,0.008075734,2011.9.20 0:00,12.12951057,2012.9.20 0:00,20.92944794,2013.9.21 0:00,1046.974763,2014.9.20 0:00,256532.0252,2015.9.21 0:00,389344.0727,2016.9.19 0:00,1493086.325,2017.9.20 0:00,6417491.873,,
2009.9.24 0:00,4.07624E-06,2010.9.23 0:00,0.00967263,2011.9.22 0:00,13.0893999,2012.9.22 0:00,24.48887787,2013.9.23 0:00,1237.33381,2014.9.22 0:00,232806.52,2015.9.23 0:00,442436.4463,2016.9.21 0:00,1863551.353,2017.9.22 0:00,7624199.746,,
2009.9.26 0:00,4.67277E-06,2010.9.25 0:00,0.009216374,2011.9.24 0:00,10.82057058,2012.9.24 0:00,22.21084272,2013.9.25 0:00,1583.138305,2014.9.24 0:00,241703.5845,2015.9.25 0:00,477831.362,2016.9.23 0:00,1526764.964,2017.9.24 0:00,7953301.894,,
2009.9.28 0:00,4.3745E-06,2010.9.27 0:00,0.010858896,2011.9.26 0:00,11.95498524,2012.9.26 0:00,20.35993916,2013.9.27 0:00,1302.020289,2014.9.26 0:00,260177.3531,2015.9.27 0:00,424738.9884,2016.9.25 0:00,2230413.265,2017.9.26 0:00,7569349.388,,
2009.9.30 0:00,4.32479E-06,2010.9.29 0:00,0.011602606,2011.9.28 0:00,11.60593458,2012.9.28 0:00,23.34986029,2013.9.29 0:00,1242.837548,2014.9.28 0:00,239501.0072,2015.9.29 0:00,510276.7014,2016.9.27 0:00,2026558.289,2017.9.28 0:00,9708513.346,,
2009.10.2 0:00,3.72827E-06,2010.10.1 0:00,0.010226025,2011.9.30 0:00,10.32920406,2012.9.30 0:00,21.64133393,2013.10.1 0:00,1449.977139,2014.9.30 0:00,261900.3819,2015.10.1 0:00,465548.4317,2016.9.29 0:00,1714780.091,2017.9.30 0:00,7569349.388,,
2009.10.4 0:00,3.03233E-06,2010.10.3 0:00,0.007931725,2011.10.2 0:00,11.00102221,2012.10.2 0:00,19.36329878,2013.10.3 0:00,1538.75125,2014.10.2 0:00,255008.2666,2015.10.3 0:00,459502.3481,2016.10.1 0:00,1882660.659,2017.10.2 0:00,8380132.04,,
2009.10.6 0:00,2.03812E-06,2010.10.5 0:00,0.008062828,2011.10.4 0:00,10.91704494,2012.10.4 0:00,20.34741197,2013.10.5 0:00,1560.944778,2014.10.4 0:00,246393.1225,2015.10.5 0:00,447410.1811,2016.10.3 0:00,1822703.313,2017.10.4 0:00,7486251.289,,
2009.10.8 0:00,3.47972E-06,2010.10.7 0:00,0.0113404,2011.10.6 0:00,11.16897674,2012.10.6 0:00,21.56218283,2013.10.7 0:00,1439.610956,2014.10.6 0:00,275684.6125,2015.10.7 0:00,408110.6381,2016.10.5 0:00,2002575.351,2017.10.6 0:00,8882939.962,,
2009.10.10 0:00,3.82769E-06,2010.10.9 0:00,0.010029371,2011.10.8 0:00,10.83306767,2012.10.8 0:00,25.20649543,2013.10.9 0:00,1721.887615,2014.10.8 0:00,225716.7765,2015.10.9 0:00,402064.5546,2016.10.7 0:00,1726771.56,2017.10.8 0:00,10167893.54,,
2009.10.12 0:00,3.08204E-06,2010.10.11 0:00,0.010815988,2011.10.10 0:00,9.909317712,2012.10.10 0:00,22.62510734,2013.10.11 0:00,1665.432283,2014.10.10 0:00,276657.2683,2015.10.11 0:00,453456.2646,2016.10.9 0:00,2056197.685,2017.10.10 0:00,8938807.509,,
2009.10.14 0:00,2.78378E-06,2010.10.13 0:00,0.011576864,2011.10.12 0:00,9.993294981,2012.10.12 0:00,22.92880006,2013.10.13 0:00,2154.711824,2014.10.12 0:00,257517.4572,2015.10.13 0:00,405087.5964,2016.10.11 0:00,1786321.738,2017.10.12 0:00,8547734.68,,
2009.10.16 0:00,3.23117E-06,2010.10.15 0:00,0.012672898,2011.10.14 0:00,11.16897674,2012.10.14 0:00,20.9547974,2013.10.15 0:00,2333.487041,2014.10.14 0:00,243597.5947,2015.10.15 0:00,493327.8751,2016.10.13 0:00,1644958.148,2017.10.14 0:00,7877324.117,,
2009.10.18 0:00,3.18146E-06,2010.10.17 0:00,0.019317607,2011.10.16 0:00,8.977080038,2012.10.16 0:00,23.08064641,2013.10.17 0:00,2382.309675,2014.10.16 0:00,260997.4229,2015.10.17 0:00,396478.2309,2016.10.15 0:00,1824875.445,2017.10.16 0:00,10351762.43,,
2009.10.20 0:00,5.51784E-06,2010.10.19 0:00,0.016646023,2011.10.18 0:00,9.269017601,2012.10.18 0:00,23.67252096,2013.10.19 0:00,2914.669379,2014.10.18 0:00,294057.0964,2015.10.19 0:00,502407.5292,2016.10.17 0:00,1606404.441,2017.10.18 0:00,8983426.015,,
2009.10.22 0:00,4.27508E-06,2010.10.21 0:00,0.02489103,2011.10.20 0:00,7.517392227,2012.10.20 0:00,21.07617995,2013.10.21 0:00,2675.107513,2014.10.20 0:00,240117.6291,2015.10.21 0:00,438849.9502,2016.10.19 0:00,1619255.677,2017.10.20 0:00,10649226.87,,
2009.10.24 0:00,3.72827E-06,2010.10.23 0:00,0.018588151,2011.10.22 0:00,6.860532712,2012.10.22 0:00,25.35250632,2013.10.23 0:00,2808.197439,2014.10.22 0:00,297537.0621,2015.10.23 0:00,466088.9126,2016.10.21 0:00,2107602.627,2017.10.22 0:00,10827705.53,,
2009.10.26 0:00,3.23117E-06,2010.10.25 0:00,0.022433975,2011.10.24 0:00,8.977080038,2012.10.24 0:00,23.8252469,2013.10.25 0:00,3194.158224,2014.10.24 0:00,291583.5085,2015.10.25 0:00,469115.464,2016.10.23 0:00,1815470.125,2017.10.24 0:00,9935312.215,,
2009.10.28 0:00,3.18146E-06,2010.10.27 0:00,0.022647632,2011.10.26 0:00,7.955298571,2012.10.26 0:00,24.58887661,2013.10.27 0:00,3439.672053,2014.10.26 0:00,232551.2644,2015.10.27 0:00,478195.1182,2016.10.25 0:00,1752432.968,2017.10.26 0:00,12999790.29,,
2009.10.30 0:00,3.03233E-06,2010.10.29 0:00,0.025104687,2011.10.28 0:00,7.444407837,2012.10.28 0:00,25.81068415,2013.10.29 0:00,3051.008544,2014.10.28 0:00,268328.3821,2015.10.29 0:00,458010.0135,2016.10.27 0:00,2042403.891,2017.10.28 0:00,6138789.858,,
2009.11.1 0:00,1.49131E-06,2010.10.31 0:00,0.027971776,2011.10.30 0:00,7.079485884,2012.10.30 0:00,24.47480664,2013.10.31 0:00,4061.533667,2014.10.30 0:00,309472.0673,2015.10.31 0:00,470388.6625,2016.10.29 0:00,1878507.282,2017.10.30 0:00,10616495.4,,
2009.11.3 0:00,2.83349E-06,2010.11.2 0:00,0.025820101,2011.11.1 0:00,8.73436486,2012.11.1 0:00,22.17516038,2013.11.2 0:00,4216.99907,2014.11.1 0:00,286216.9409,2015.11.2 0:00,448726.0267,2016.10.31 0:00,1853292.419,2017.11.1 0:00,7872095.229,,
2009.11.5 0:00,3.18146E-06,2010.11.4 0:00,0.029354995,2011.11.3 0:00,7.59770094,2012.11.3 0:00,23.48924396,2013.11.4 0:00,3886.635088,2014.11.3 0:00,277272.6615,2015.11.4 0:00,479672.6492,2016.11.2 0:00,1676788.379,2017.11.3 0:00,8594305.801,,
2009.11.7 0:00,3.77798E-06,2010.11.6 0:00,0.031045597,2011.11.5 0:00,8.973662527,2012.11.5 0:00,25.13184843,2013.11.6 0:00,4114.549716,2014.11.5 0:00,314993.4284,2015.11.6 0:00,423968.7287,2016.11.4 0:00,1462462.045,2017.11.5 0:00,10183169.06,,
2009.11.9 0:00,3.23117E-06,2010.11.8 0:00,0.04011337,2011.11.7 0:00,7.836998607,2012.11.7 0:00,25.78889022,2013.11.8 0:00,3377.99452,2014.11.7 0:00,283494.0856,2015.11.8 0:00,433252.7154,2016.11.6 0:00,1949214.677,2017.11.7 0:00,11266484.92,,
2009.11.11 0:00,3.43001E-06,2010.11.10 0:00,0.04352215,2011.11.9 0:00,10.11032645,2012.11.9 0:00,23.81776485,2013.11.10 0:00,4266.940446,2014.11.9 0:00,273650.541,2015.11.10 0:00,442536.7022,2016.11.8 0:00,2139073.25,2017.11.9 0:00,11049821.74,,
2009.11.13 0:00,3.47972E-06,2010.11.12 0:00,0.038561076,2011.11.11 0:00,7.298578856,2012.11.11 0:00,21.68237904,2013.11.12 0:00,4800.308002,2014.11.11 0:00,277587.9588,2015.11.12 0:00,477906.8399,2016.11.10 0:00,2126416.012,2017.11.11 0:00,5426063.163,,
2009.11.15 0:00,4.77219E-06,2010.11.14 0:00,0.053669801,2011.11.13 0:00,8.794189277,2012.11.13 0:00,22.77487591,2013.11.14 0:00,4292.338902,2014.11.13 0:00,287431.5034,2015.11.14 0:00,497546.847,2016.11.12 0:00,2126416.012,2017.11.13 0:00,9495610.536,,
2009.11.17 0:00,4.52363E-06,2010.11.16 0:00,0.040816109,2011.11.15 0:00,10.25533355,2012.11.15 0:00,22.77487591,2013.11.16 0:00,4978.097188,2014.11.15 0:00,295306.3392,2015.11.16 0:00,576106.8755,2016.11.14 0:00,2177044.964,2017.11.15 0:00,10309520.01,,
2009.11.19 0:00,3.62885E-06,2010.11.18 0:00,0.059307385,2011.11.17 0:00,8.59551078,2012.11.17 0:00,23.61218753,2013.11.18 0:00,4968.79793,2014.11.17 0:00,299243.757,2015.11.18 0:00,458266.8327,2016.11.16 0:00,2177044.964,2017.11.17 0:00,11326906.85,,
2009.11.21 0:00,3.82769E-06,2010.11.20 0:00,0.039255869,2011.11.19 0:00,7.647040625,2012.11.19 0:00,20.59786571,2013.11.20 0:00,4938.500381,2014.11.19 0:00,274455.5762,2015.11.20 0:00,520460.1886,2016.11.18 0:00,2073243.137,2017.11.19 0:00,10852126.33,,
2009.11.23 0:00,4.77219E-06,2010.11.22 0:00,0.054616861,2011.11.21 0:00,8.002716933,2012.11.21 0:00,25.78919772,2013.11.22 0:00,5029.393026,2014.11.21 0:00,248412.3463,2015.11.22 0:00,569560.2064,2016.11.20 0:00,1807083.545,2017.11.21 0:00,11733861.59,,
2009.11.25 0:00,4.22537E-06,2010.11.24 0:00,0.063150746,2011.11.23 0:00,7.765599394,2012.11.23 0:00,24.28203682,2013.11.24 0:00,5211.178317,2014.11.23 0:00,282468.8777,2015.11.24 0:00,549490.4932,2016.11.22 0:00,1877125.543,2017.11.23 0:00,10648648.96,,
2009.11.27 0:00,3.72827E-06,2010.11.26 0:00,0.069295143,2011.11.25 0:00,7.70632001,2012.11.25 0:00,23.61218753,2013.11.26 0:00,4968.79793,2014.11.25 0:00,256425.6478,2015.11.26 0:00,585641.1835,2016.11.24 0:00,2297377.53,2017.11.25 0:00,10445729.47,,
2009.11.29 0:00,2.8832E-06,2010.11.28 0:00,0.056664994,2011.11.27 0:00,6.757849855,2012.11.27 0:00,25.98426193,2013.11.28 0:00,5514.1538,2014.11.27 0:00,262435.624,2015.11.28 0:00,527800.079,2016.11.26 0:00,2157293.535,2017.11.27 0:00,11383166.73,,
2009.12.1 0:00,3.28088E-06,2010.11.30 0:00,0.084329546,2011.11.29 0:00,8.239834472,2012.11.29 0:00,28.20660012,2013.11.30 0:00,5626.473038,2014.11.29 0:00,302502.1314,2015.11.30 0:00,542260.3551,2016.11.28 0:00,2297377.53,2017.11.29 0:00,11584046.14,,
2009.12.3 0:00,4.22537E-06,2010.12.2 0:00,0.077502868,2011.12.1 0:00,10.03065755,2012.12.1 0:00,27.35185466,2013.12.2 0:00,5731.969408,2014.12.1 0:00,286475.5284,2015.12.2 0:00,531415.148,2016.11.30 0:00,1989192.74,2017.12.1 0:00,12253644.19,,
2009.12.5 0:00,2.58493E-06,2010.12.4 0:00,0.087943669,2011.12.3 0:00,8.132965582,2012.12.3 0:00,25.64236375,2013.12.4 0:00,6224.285799,2014.12.3 0:00,242402.3702,2015.12.4 0:00,527800.079,2016.12.2 0:00,2052749.317,2017.12.3 0:00,11784925.56,,
2009.12.7 0:00,4.67277E-06,2010.12.6 0:00,0.096376623,2011.12.5 0:00,8.675163287,2012.12.5 0:00,20.513891,2013.12.6 0:00,7419.911319,2014.12.5 0:00,298317.3202,2015.12.6 0:00,621791.8738,2016.12.4 0:00,2109770.131,2017.12.5 0:00,11918845.17,,
2009.12.9 0:00,4.67277E-06,2010.12.8 0:00,0.0927625,2011.12.7 0:00,7.97030627,2012.12.7 0:00,21.19768736,2013.12.8 0:00,6294.616711,2014.12.7 0:00,242631.4204,2015.12.8 0:00,625219.9086,2016.12.6 0:00,2138280.538,2017.12.7 0:00,11941671.2,,
2009.12.11 0:00,6.21378E-06,2010.12.10 0:00,0.091357532,2011.12.9 0:00,8.187185352,2012.12.9 0:00,22.22338191,2013.12.10 0:00,9076.027624,2014.12.9 0:00,276440.7167,2015.12.10 0:00,770711.3338,2016.12.8 0:00,2238066.963,2017.12.9 0:00,13760601.25,,
2009.12.13 0:00,5.16987E-06,2010.12.12 0:00,0.105974737,2011.12.11 0:00,7.861866729,2012.12.11 0:00,24.29223366,2013.12.12 0:00,7495.624804,2014.12.11 0:00,288373.4095,2015.12.12 0:00,656677.514,2016.12.10 0:00,1881686.874,2017.12.11 0:00,13523349.5,,
2009.12.15 0:00,5.76639E-06,2010.12.14 0:00,0.099275184,2011.12.13 0:00,7.406827445,2012.12.13 0:00,22.78443985,2013.12.14 0:00,9030.873258,2014.12.13 0:00,284395.8452,2015.12.14 0:00,692067.3202,2016.12.12 0:00,2223811.76,2017.12.13 0:00,14709608.23,,
2009.12.17 0:00,8.00335E-06,2010.12.16 0:00,0.113283339,2011.12.15 0:00,7.062323843,2012.12.15 0:00,19.76885222,2013.12.16 0:00,8714.792694,2014.12.15 0:00,304283.6666,2015.12.16 0:00,660609.7147,2016.12.14 0:00,1981473.299,2017.12.15 0:00,13365181.67,,
2009.12.19 0:00,1.11351E-05,2010.12.18 0:00,0.096229933,2011.12.17 0:00,8.382920984,2012.12.17 0:00,21.10911339,2013.12.18 0:00,9482.416921,2014.12.17 0:00,252575.3311,2015.12.18 0:00,629152.1093,2016.12.16 0:00,2050571.629,2017.12.17 0:00,14630524.31,,
2009.12.21 0:00,9.29582E-06,2010.12.20 0:00,0.096838984,2011.12.19 0:00,8.670007319,2012.12.19 0:00,23.95716837,2013.12.20 0:00,9121.181991,2014.12.19 0:00,243219.9835,2015.12.20 0:00,785065.6071,2016.12.18 0:00,2173914.283,2017.12.19 0:00,13035760.95,,
2009.12.23 0:00,8.40104E-06,2010.12.22 0:00,0.113761835,2011.12.21 0:00,8.899676387,2012.12.21 0:00,20.27145016,2013.12.22 0:00,9744.865734,2014.12.21 0:00,284410.4645,2015.12.22 0:00,654995.5657,2016.12.20 0:00,2127660.788,2017.12.21 0:00,12290860.32,,
2009.12.25 0:00,7.80451E-06,2010.12.24 0:00,0.108001742,2011.12.23 0:00,8.727424586,2012.12.23 0:00,23.11950514,2013.12.24 0:00,9744.865734,2014.12.23 0:00,317755.1397,2015.12.24 0:00,692158.4347,2016.12.22 0:00,2451435.255,2017.12.23 0:00,12942648.37,,
2009.12.27 0:00,8.40104E-06,2010.12.26 0:00,0.105841708,2011.12.25 0:00,9.99060446,2012.12.25 0:00,20.60651545,2013.12.26 0:00,10508.01787,2014.12.25 0:00,331485.3001,2015.12.26 0:00,864036.7037,2016.12.24 0:00,2112242.956,2017.12.25 0:00,12570198.06,,
2009.12.29 0:00,8.15248E-06,2010.12.28 0:00,0.121681963,2011.12.27 0:00,9.168004881,2012.12.27 0:00,23.84708488,2013.12.28 0:00,9627.457713,2014.12.27 0:00,313832.2367,2015.12.28 0:00,747902.7381,2016.12.26 0:00,2189332.115,2017.12.27 0:00,14525562.2,,
2009.12.31 0:00,8.82034E-06,2010.12.30 0:00,0.115201859,2011.12.29 0:00,8.072457128,2012.12.29 0:00,19.84788431,2013.12.30 0:00,11388.57803,2014.12.29 0:00,331485.3001,2015.12.30 0:00,803647.0416,2016.12.28 0:00,2589949.671,2017.12.29 0:00,15363575.41,,
,,,,2011.12.31 0:00,9.283325697,2012.12.31 0:00,24.88391466,,,2014.12.31 0:00,313142.2889,,,2016.12.30 0:00,2479403.038,2017.12.31 0:00,15177350.25,,
,,,,,,,,,,,,,,,,,,,
,2009,2010,2011,2012,2013,2014,2015,2016,2017,,,,,,,,,,
MIN,0.0000,0.0000,0.1167,8.4510,19.2228,11493.6341,262301.1812,693089.3552,2147763.1414,,,,,,,,,,
MAX,0.0000,0.1217,16.4544,28.2066,11388.5780,331485.3001,864036.7037,2589949.6705,15363575.4060,,,,,,,,,,
AVG,0.0000,0.0149,6.3610,15.6321,1479.4651,140775.7083,403612.8539,1523826.6964,6374341.8604,,,,,,,,,,