2009.1.3 0:00,1,2010.1.2 0:00,132,2011.1.1 0:00,594,2012.1.2 0:00,5809,2013.1.2 0:00,38986,2014.1.1 0:00,41476,2015.1.2 0:00,72234,2016.1.1 0:00,123623,2017.1.1 0:00,180502
2009.1.5 0:00,0,2010.1.4 0:00,192,2011.1.3 0:00,853,2012.1.4 0:00,5636,2013.1.4 0:00,49926,2014.1.3 0:00,63821,2015.1.4 0:00,85570,2016.1.3 0:00,141064,2017.1.3 0:00,301664
2009.1.7 0:00,0,2010.1.6 0:00,158,2011.1.5 0:00,1192,2012.1.6 0:00,6361,2013.1.6 0:00,34519,2014.1.5 0:00,55761,2015.1.6 0:00,87160,2016.1.5 0:00,187012,2017.1.5 0:00,288501
2009.1.9 0:00,14,2010.1.8 0:00,150,2011.1.7 0:00,880,2012.1.8 0:00,6290,2013.1.8 0:00,35390,2014.1.7 0:00,62126,2015.1.8 0:00,99126,2016.1.7 0:00,177873,2017.1.7 0:00,284719
2009.1.11 0:00,106,2010.1.10 0:00,191,2011.1.9 0:00,1193,2012.1.10 0:00,6589,2013.1.10 0:00,51393,2014.1.9 0:00,58365,2015.1.10 0:00,105895,2016.1.9 0:00,178374,2017.1.9 0:00,269947
2009.1.13 0:00,116,2010.1.12 0:00,168,2011.1.11 0:00,1262,2012.1.12 0:00,6943,2013.1.12 0:00,46836,2014.1.11 0:00,56464,2015.1.12 0:00,98185,2016.1.11 0:00,179771,2017.1.11 0:00,303058
2009.1.15 0:00,136,2010.1.14 0:00,159,2011.1.13 0:00,1271,2012.1.14 0:00,6734,2013.1.14 0:00,43799,2014.1.13 0:00,54756,2015.1.14 0:00,104481,2016.1.13 0:00,191628,2017.1.13 0:00,275149
2009.1.17 0:00,109,2010.1.16 0:00,135,2011.1.15 0:00,932,2012.1.16 0:00,6685,2013.1.16 0:00,52197,2014.1.15 0:00,60392,2015.1.16 0:00,112530,2016.1.15 0:00,185105,2017.1.15 0:00,235999
2009.1.19 0:00,120,2010.1.18 0:00,130,2011.1.17 0:00,816,2012.1.18 0:00,7215,2013.1.18 0:00,50896,2014.1.17 0:00,58397,2015.1.18 0:00,87047,2016.1.17 0:00,192731,2017.1.17 0:00,292697
2009.1.21 0:00,115,2010.1.20 0:00,140,2011.1.19 0:00,967,2012.1.20 0:00,6718,2013.1.20 0:00,41636,2014.1.19 0:00,49224,2015.1.20 0:00,98890,2016.1.19 0:00,205735,2017.1.19 0:00,300605
2009.1.23 0:00,68,2010.1.22 0:00,152,2011.1.21 0:00,1047,2012.1.22 0:00,5259,2013.1.22 0:00,40199,2014.1.21 0:00,71521,2015.1.22 0:00,94979,2016.1.21 0:00,210240,2017.1.21 0:00,263562
2009.1.25 0:00,195,2010.1.24 0:00,148,2011.1.23 0:00,1073,2012.1.24 0:00,6817,2013.1.24 0:00,46607,2014.1.23 0:00,63527,2015.1.24 0:00,89630,2016.1.23 0:00,200913,2017.1.23 0:00,236692
2009.1.27 0:00,105,2010.1.26 0:00,208,2011.1.25 0:00,965,2012.1.26 0:00,6736,2013.1.26 0:00,53420,2014.1.25 0:00,55371,2015.1.26 0:00,105423,2016.1.25 0:00,210592,2017.1.25 0:00,305961
2009.1.29 0:00,122,2010.1.28 0:00,176,2011.1.27 0:00,900,2012.1.28 0:00,6095,2013.1.28 0:00,52321,2014.1.27 0:00,60746,2015.1.28 0:00,89287,2016.1.27 0:00,226385,2017.1.27 0:00,263332
2009.1.31 0:00,129,2010.1.30 0:00,183,2011.1.29 0:00,1290,2012.1.30 0:00,6019,2013.1.30 0:00,45810,2014.1.29 0:00,61786,2015.1.30 0:00,86360,2016.1.29 0:00,222622,2017.1.29 0:00,241627
2009.2.2 0:00,127,2010.2.1 0:00,189,2011.1.31 0:00,1815,2012.2.1 0:00,6900,2013.2.1 0:00,56756,2014.1.31 0:00,61999,2015.2.1 0:00,79193,2016.1.31 0:00,168625,2017.1.31 0:00,307683
2009.2.4 0:00,126,2010.2.3 0:00,246,2011.2.2 0:00,1004,2012.2.3 0:00,6943,2013.2.3 0:00,56212,2014.2.2 0:00,50400,2015.2.3 0:00,93499,2016.2.2 0:00,231998,2017.2.2 0:00,259559
2009.2.6 0:00,129,2010.2.5 0:00,250,2011.2.4 0:00,918,2012.2.5 0:00,6616,2013.2.5 0:00,53445,2014.2.4 0:00,65812,2015.2.5 0:00,90028,2016.2.4 0:00,201065,2017.2.4 0:00,286326
2009.2.8 0:00,135,2010.2.7 0:00,210,2011.2.6 0:00,857,2012.2.7 0:00,6799,2013.2.7 0:00,58215,2014.2.6 0:00,69721,2015.2.7 0:00,86207,2016.2.6 0:00,232752,2017.2.6 0:00,230027
2009.2.10 0:00,127,2010.2.9 0:00,211,2011.2.8 0:00,842,2012.2.9 0:00,7259,2013.2.9 0:00,50847,2014.2.8 0:00,64069,2015.2.9 0:00,95860,2016.2.8 0:00,220559,2017.2.8 0:00,308316
2009.2.12 0:00,119,2010.2.11 0:00,181,2011.2.10 0:00,1866,2012.2.11 0:00,7624,2013.2.11 0:00,58835,2014.2.10 0:00,67622,2015.2.11 0:00,98701,2016.2.10 0:00,233941,2017.2.10 0:00,304456
2009.2.14 0:00,141,2010.2.13 0:00,227,2011.2.12 0:00,1903,2012.2.13 0:00,7514,2013.2.13 0:00,57398,2014.2.12 0:00,62805,2015.2.13 0:00,107390,2016.2.12 0:00,202906,2017.2.12 0:00,238182
2009.2.16 0:00,123,2010.2.15 0:00,194,2011.2.14 0:00,1978,2012.2.15 0:00,9511,2013.2.15 0:00,57505,2014.2.14 0:00,76660,2015.2.15 0:00,85355,2016.2.14 0:00,188927,2017.2.14 0:00,315084
2009.2.18 0:00,124,2010.2.17 0:00,244,2011.2.16 0:00,2062,2012.2.17 0:00,7128,2013.2.17 0:00,50400,2014.2.16 0:00,56785,2015.2.17 0:00,98899,2016.2.16 0:00,218780,2017.2.16 0:00,285329
2009.2.20 0:00,129,2010.2.19 0:00,183,2011.2.18 0:00,2086,2012.2.19 0:00,5932,2013.2.19 0:00,55598,2014.2.18 0:00,68333,2015.2.19 0:00,96005,2016.2.18 0:00,212765,2017.2.18 0:00,288149
2009.2.22 0:00,125,2010.2.21 0:00,218,2011.2.20 0:00,1698,2012.2.21 0:00,6348,2013.2.21 0:00,58996,2014.2.20 0:00,71666,2015.2.21 0:00,92541,2016.2.20 0:00,225259,2017.2.20 0:00,282728
2009.2.24 0:00,111,2010.2.23 0:00,252,2011.2.22 0:00,2152,2012.2.23 0:00,7881,2013.2.23 0:00,59386,2014.2.22 0:00,59691,2015.2.23 0:00,96936,2016.2.22 0:00,224964,2017.2.22 0:00,284024
2009.2.26 0:00,96,2010.2.25 0:00,150,2011.2.24 0:00,1957,2012.2.25 0:00,6588,2013.2.25 0:00,65164,2014.2.24 0:00,68496,2015.2.25 0:00,104785,2016.2.24 0:00,225112,2017.2.24 0:00,350751
2009.2.28 0:00,103,2010.2.27 0:00,176,2011.2.26 0:00,1964,2012.2.27 0:00,6475,2013.2.27 0:00,62952,2014.2.26 0:00,71527,2015.2.27 0:00,103395,2016.2.26 0:00,209880,2017.2.26 0:00,265203
2009.3.2 0:00,104,2010.3.1 0:00,187,2011.2.28 0:00,1932,2012.2.29 0:00,6825,2013.3.1 0:00,65797,2014.2.28 0:00,71658,2015.3.1 0:00,86274,2016.2.28 0:00,224697,2017.2.28 0:00,325414
2009.3.4 0:00,106,2010.3.3 0:00,151,2011.3.2 0:00,2974,2012.3.2 0:00,7696,2013.3.3 0:00,49631,2014.3.2 0:00,59067,2015.3.3 0:00,109142,2016.3.1 0:00,260619,2017.3.2 0:00,329428
2009.3.6 0:00,119,2010.3.5 0:00,178,2011.3.4 0:00,2119,2012.3.4 0:00,6017,2013.3.5 0:00,56039,2014.3.4 0:00,85916,2015.3.5 0:00,96611,2016.3.3 0:00,221257,2017.3.4 0:00,268875
2009.3.8 0:00,115,2010.3.7 0:00,178,2011.3.6 0:00,1918,2012.3.6 0:00,6713,2013.3.7 0:00,62423,2014.3.6 0:00,71619,2015.3.7 0:00,94270,2016.3.5 0:00,238117,2017.3.6 0:00,287731
2009.3.10 0:00,105,2010.3.9 0:00,149,2011.3.8 0:00,2530,2012.3.8 0:00,6635,2013.3.9 0:00,47671,2014.3.8 0:00,71019,2015.3.9 0:00,96449,2016.3.7 0:00,183530,2017.3.8 0:00,297108
2009.3.12 0:00,119,2010.3.11 0:00,154,2011.3.10 0:00,1491,2012.3.10 0:00,6054,2013.3.11 0:00,67610,2014.3.10 0:00,66786,2015.3.11 0:00,102856,2016.3.9 0:00,187623,2017.3.10 0:00,308482
2009.3.14 0:00,116,2010.3.13 0:00,160,2011.3.12 0:00,2812,2012.3.12 0:00,5728,2013.3.13 0:00,56177,2014.3.12 0:00,76019,2015.3.13 0:00,96745,2016.3.11 0:00,193874,2017.3.12 0:00,221110
2009.3.16 0:00,131,2010.3.15 0:00,128,2011.3.14 0:00,2981,2012.3.14 0:00,7096,2013.3.15 0:00,60064,2014.3.14 0:00,68735,2015.3.15 0:00,84477,2016.3.13 0:00,141116,2017.3.14 0:00,310395
2009.3.18 0:00,110,2010.3.17 0:00,127,2011.3.16 0:00,3237,2012.3.16 0:00,6706,2013.3.17 0:00,34164,2014.3.16 0:00,58730,2015.3.17 0:00,104238,2016.3.15 0:00,197677,2017.3.16 0:00,327034
2009.3.20 0:00,119,2010.3.19 0:00,144,2011.3.18 0:00,2759,2012.3.18 0:00,5745,2013.3.19 0:00,48705,2014.3.18 0:00,57881,2015.3.19 0:00,102414,2016.3.17 0:00,206973,2017.3.18 0:00,263530
2009.3.22 0:00,97,2010.3.21 0:00,191,2011.3.20 0:00,2674,2012.3.20 0:00,6604,2013.3.21 0:00,53840,2014.3.20 0:00,72117,2015.3.21 0:00,100458,2016.3.19 0:00,188863,2017.3.20 0:00,277033
2009.3.24 0:00,105,2010.3.23 0:00,215,2011.3.22 0:00,2301,2012.3.22 0:00,6756,2013.3.23 0:00,58002,2014.3.22 0:00,69139,2015.3.23 0:00,106330,2016.3.21 0:00,189228,2017.3.22 0:00,320713
2009.3.26 0:00,114,2010.3.25 0:00,197,2011.3.24 0:00,2218,2012.3.24 0:00,6461,2013.3.25 0:00,51011,2014.3.24 0:00,67382,2015.3.25 0:00,93930,2016.3.23 0:00,187877,2017.3.24 0:00,289521
2009.3.28 0:00,122,2010.3.27 0:00,182,2011.3.26 0:00,2987,2012.3.26 0:00,6469,2013.3.27 0:00,51993,2014.3.26 0:00,69897,2015.3.27 0:00,106302,2016.3.25 0:00,173609,2017.3.26 0:00,221915
2009.3.30 0:00,125,2010.3.29 0:00,205,2011.3.28 0:00,3420,2012.3.28 0:00,7134,2013.3.29 0:00,66205,2014.3.28 0:00,69155,2015.3.29 0:00,87456,2016.3.27 0:00,161486,2017.3.28 0:00,294001
2009.4.1 0:00,107,2010.3.31 0:00,213,2011.3.30 0:00,1625,2012.3.30 0:00,7174,2013.3.31 0:00,44586,2014.3.30 0:00,55333,2015.3.31 0:00,105294,2016.3.29 0:00,191841,2017.3.30 0:00,288788
2009.4.3 0:00,113,2010.4.2 0:00,155,2011.4.1 0:00,1573,2012.4.1 0:00,5619,2013.4.2 0:00,60268,2014.4.1 0:00,64692,2015.4.2 0:00,115686,2016.3.31 0:00,208976,2017.4.1 0:00,255871
2009.4.5 0:00,129,2010.4.4 0:00,175,2011.4.3 0:00,1603,2012.4.3 0:00,7539,2013.4.4 0:00,69048,2014.4.3 0:00,67292,2015.4.4 0:00,94152,2016.4.2 0:00,196651,2017.4.3 0:00,288141
2009.4.7 0:00,99,2010.4.6 0:00,175,2011.4.5 0:00,2272,2012.4.5 0:00,6977,2013.4.6 0:00,57200,2014.4.5 0:00,59610,2015.4.6 0:00,100949,2016.4.4 0:00,200979,2017.4.5 0:00,316555
2009.4.9 0:00,99,2010.4.8 0:00,208,2011.4.7 0:00,1842,2012.4.7 0:00,6152,2013.4.8 0:00,63470,2014.4.7 0:00,62222,2015.4.8 0:00,108047,2016.4.6 0:00,218585,2017.4.7 0:00,295463
2009.4.11 0:00,123,2010.4.10 0:00,294,2011.4.9 0:00,1749,2012.4.9 0:00,6045,2013.4.10 0:00,68820,2014.4.9 0:00,64278,2015.4.10 0:00,114091,2016.4.8 0:00,215441,2017.4.9 0:00,238286
2009.4.13 0:00,118,2010.4.12 0:00,270,2011.4.11 0:00,1879,2012.4.11 0:00,7485,2013.4.12 0:00,60395,2014.4.11 0:00,66874,2015.4.12 0:00,88884,2016.4.10 0:00,181662,2017.4.11 0:00,307893
2009.4.15 0:00,112,2010.4.14 0:00,230,2011.4.13 0:00,2480,2012.4.13 0:00,7549,2013.4.14 0:00,53417,2014.4.13 0:00,49420,2015.4.14 0:00,113372,2016.4.12 0:00,240200,2017.4.13 0:00,228679
2009.4.17 0:00,115,2010.4.16 0:00,234,2011.4.15 0:00,2001,2012.4.15 0:00,7313,2013.4.16 0:00,65797,2014.4.15 0:00,74882,2015.4.16 0:00,104063,2016.4.14 0:00,230281,2017.4.15 0:00,271976
2009.4.19 0:00,121,2010.4.18 0:00,1337,2011.4.17 0:00,2320,2012.4.17 0:00,8354,2013.4.18 0:00,52605,2014.4.17 0:00,67212,2015.4.18 0:00,100484,2016.4.16 0:00,192621,2017.4.17 0:00,245184
2009.4.21 0:00,125,2010.4.20 0:00,242,2011.4.19 0:00,3567,2012.4.19 0:00,8023,2013.4.20 0:00,48016,2014.4.19 0:00,56685,2015.4.20 0:00,115128,2016.4.18 0:00,203165,2017.4.19 0:00,310104
2009.4.23 0:00,80,2010.4.22 0:00,210,2011.4.21 0:00,1912,2012.4.21 0:00,7770,2013.4.22 0:00,46737,2014.4.21 0:00,57961,2015.4.22 0:00,113657,2016.4.20 0:00,216780,2017.4.21 0:00,330354
2009.4.25 0:00,122,2010.4.24 0:00,191,2011.4.23 0:00,2100,2012.4.23 0:00,6845,2013.4.24 0:00,67982,2014.4.23 0:00,72147,2015.4.24 0:00,110568,2016.4.22 0:00,210976,2017.4.23 0:00,245039
2009.4.27 0:00,105,2010.4.26 0:00,220,2011.4.25 0:00,2516,2012.4.25 0:00,7746,2013.4.26 0:00,56533,2014.4.25 0:00,78038,2015.4.26 0:00,93761,2016.4.24 0:00,183155,2017.4.25 0:00,325387
2009.4.29 0:00,123,2010.4.28 0:00,219,2011.4.27 0:00,4550,2012.4.27 0:00,7066,2013.4.28 0:00,40986,2014.4.27 0:00,50392,2015.4.28 0:00,112434,2016.4.26 0:00,250744,2017.4.27 0:00,297884
2009.5.1 0:00,123,2010.4.30 0:00,181,2011.4.29 0:00,3474,2012.4.29 0:00,8050,2013.4.30 0:00,48795,2014.4.29 0:00,64207,2015.4.30 0:00,114070,2016.4.28 0:00,247958,2017.4.29 0:00,341319
2009.5.3 0:00,115,2010.5.2 0:00,197,2011.5.1 0:00,4648,2012.5.1 0:00,10070,2013.5.2 0:00,57278,2014.5.1 0:00,60910,2015.5.2 0:00,96416,2016.4.30 0:00,215712,2017.5.1 0:00,294786
2009.5.5 0:00,133,2010.5.4 0:00,151,2011.5.3 0:00,3235,2012.5.3 0:00,12283,2013.5.4 0:00,48349,2014.5.3 0:00,56112,2015.5.4 0:00,94120,2016.5.2 0:00,223785,2017.5.3 0:00,295149
2009.5.7 0:00,121,2010.5.6 0:00,173,2011.5.5 0:00,3399,2012.5.5 0:00,13590,2013.5.6 0:00,51244,2014.5.5 0:00,63433,2015.5.6 0:00,113496,2016.5.4 0:00,233693,2017.5.5 0:00,267193
2009.5.9 0:00,91,2010.5.8 0:00,170,2011.5.7 0:00,3889,2012.5.7 0:00,16283,2013.5.8 0:00,47359,2014.5.7 0:00,70424,2015.5.8 0:00,108365,2016.5.6 0:00,233232,2017.5.7 0:00,316011
2009.5.11 0:00,120,2010.5.10 0:00,161,2011.5.9 0:00,3560,2012.5.9 0:00,18865,2013.5.10 0:00,67937,2014.5.9 0:00,67693,2015.5.10 0:00,90054,2016.5.8 0:00,185562,2017.5.9 0:00,332879
2009.5.13 0:00,117,2010.5.12 0:00,147,2011.5.11 0:00,3272,2012.5.11 0:00,14196,2013.5.12 0:00,69320,2014.5.11 0:00,51666,2015.5.12 0:00,114424,2016.5.10 0:00,245721,2017.5.11 0:00,294743
2009.5.15 0:00,145,2010.5.14 0:00,148,2011.5.13 0:00,4404,2012.5.13 0:00,14084,2013.5.14 0:00,63287,2014.5.13 0:00,70672,2015.5.14 0:00,101228,2016.5.12 0:00,228409,2017.5.13 0:00,329266
2009.5.17 0:00,125,2010.5.16 0:00,118,2011.5.15 0:00,3990,2012.5.15 0:00,20817,2013.5.16 0:00,60543,2014.5.15 0:00,72761,2015.5.16 0:00,93025,2016.5.14 0:00,211280,2017.5.15 0:00,329229
2009.5.19 0:00,100,2010.5.18 0:00,217,2011.5.17 0:00,4355,2012.5.17 0:00,14892,2013.5.18 0:00,51982,2014.5.17 0:00,55577,2015.5.18 0:00,97915,2016.5.16 0:00,239809,2017.5.17 0:00,317527
2009.5.21 0:00,89,2010.5.20 0:00,221,2011.5.19 0:00,5131,2012.5.19 0:00,38132,2013.5.20 0:00,50093,2014.5.19 0:00,60368,2015.5.20 0:00,107683,2016.5.18 0:00,235084,2017.5.19 0:00,319502
2009.5.23 0:00,7,2010.5.22 0:00,227,2011.5.21 0:00,4822,2012.5.21 0:00,29133,2013.5.22 0:00,53981,2014.5.21 0:00,71120,2015.5.22 0:00,100591,2016.5.20 0:00,209396,2017.5.21 0:00,326057
2009.5.25 0:00,112,2010.5.24 0:00,262,2011.5.23 0:00,5775,2012.5.23 0:00,26784,2013.5.24 0:00,55106,2014.5.23 0:00,74593,2015.5.24 0:00,87996,2016.5.22 0:00,184348,2017.5.23 0:00,367710
2009.5.27 0:00,125,2010.5.26 0:00,259,2011.5.25 0:00,6172,2012.5.25 0:00,29007,2013.5.26 0:00,39879,2014.5.25 0:00,53928,2015.5.26 0:00,106971,2016.5.24 0:00,246517,2017.5.25 0:00,350114
2009.5.29 0:00,108,2010.5.28 0:00,265,2011.5.27 0:00,5491,2012.5.27 0:00,22251,2013.5.28 0:00,55138,2014.5.27 0:00,67040,2015.5.28 0:00,109786,2016.5.26 0:00,220093,2017.5.27 0:00,331914
2009.5.31 0:00,118,2010.5.30 0:00,200,2011.5.29 0:00,4725,2012.5.29 0:00,31160,2013.5.30 0:00,57170,2014.5.29 0:00,65930,2015.5.30 0:00,132907,2016.5.28 0:00,193054,2017.5.29 0:00,321638
2009.6.2 0:00,89,2010.6.1 0:00,178,2011.5.31 0:00,6203,2012.5.31 0:00,20951,2013.6.1 0:00,52390,2014.5.31 0:00,55166,2015.6.1 0:00,116959,2016.5.30 0:00,211369,2017.5.31 0:00,321634
2009.6.4 0:00,39,2010.6.3 0:00,219,2011.6.2 0:00,7157,2012.6.2 0:00,18570,2013.6.3 0:00,52048,2014.6.2 0:00,61179,2015.6.3 0:00,125399,2016.6.1 0:00,234385,2017.6.2 0:00,271539
2009.6.6 0:00,24,2010.6.5 0:00,188,2011.6.4 0:00,8773,2012.6.4 0:00,44984,2013.6.5 0:00,54947,2014.6.4 0:00,66435,2015.6.5 0:00,109700,2016.6.3 0:00,234669,2017.6.4 0:00,266044
2009.6.8 0:00,72,2010.6.7 0:00,211,2011.6.6 0:00,9808,2012.6.6 0:00,18275,2013.6.7 0:00,54331,2014.6.6 0:00,64859,2015.6.7 0:00,88440,2016.6.5 0:00,190528,2017.6.6 0:00,297416
2009.6.10 0:00,83,2010.6.9 0:00,199,2011.6.8 0:00,11394,2012.6.8 0:00,26974,2013.6.9 0:00,46237,2014.6.8 0:00,47730,2015.6.9 0:00,115633,2016.6.7 0:00,248576,2017.6.8 0:00,307377
2009.6.12 0:00,91,2010.6.11 0:00,248,2011.6.10 0:00,11233,2012.6.10 0:00,39328,2013.6.11 0:00,51208,2014.6.10 0:00,65460,2015.6.11 0:00,125147,2016.6.9 0:00,236353,2017.6.10 0:00,254993
2009.6.14 0:00,70,2010.6.13 0:00,221,2011.6.12 0:00,11668,2012.6.12 0:00,20796,2013.6.13 0:00,43302,2014.6.12 0:00,61583,2015.6.13 0:00,112813,2016.6.11 0:00,213159,2017.6.12 0:00,269098
2009.6.16 0:00,73,2010.6.15 0:00,288,2011.6.14 0:00,12602,2012.6.14 0:00,56997,2013.6.15 0:00,41531,2014.6.14 0:00,58961,2015.6.15 0:00,122279,2016.6.13 0:00,251354,2017.6.14 0:00,287644
2009.6.18 0:00,81,2010.6.17 0:00,208,2011.6.16 0:00,11777,2012.6.16 0:00,49313,2013.6.17 0:00,43399,2014.6.16 0:00,65347,2015.6.17 0:00,133747,2016.6.15 0:00,262510,2017.6.16 0:00,269937
2009.6.20 0:00,84,2010.6.19 0:00,218,2011.6.18 0:00,12025,2012.6.18 0:00,39028,2013.6.19 0:00,46903,2014.6.18 0:00,66992,2015.6.19 0:00,125430,2016.6.17 0:00,253752,2017.6.18 0:00,209359
2009.6.22 0:00,81,2010.6.21 0:00,242,2011.6.20 0:00,11278,2012.6.20 0:00,33475,2013.6.21 0:00,52994,2014.6.20 0:00,59884,2015.6.21 0:00,91203,2016.6.19 0:00,218298,2017.6.20 0:00,269438
2009.6.24 0:00,87,2010.6.23 0:00,242,2011.6.22 0:00,11810,2012.6.22 0:00,25550,2013.6.23 0:00,40634,2014.6.22 0:00,50429,2015.6.23 0:00,128795,2016.6.21 0:00,248164,2017.6.22 0:00,269685
2009.6.26 0:00,90,2010.6.25 0:00,227,2011.6.24 0:00,11134,2012.6.24 0:00,21880,2013.6.25 0:00,45588,2014.6.24 0:00,64766,2015.6.25 0:00,113329,2016.6.23 0:00,241300,2017.6.24 0:00,227127
2009.6.28 0:00,52,2010.6.27 0:00,215,2011.6.26 0:00,10298,2012.6.26 0:00,32547,2013.6.27 0:00,46797,2014.6.26 0:00,62354,2015.6.27 0:00,108876,2016.6.25 0:00,210998,2017.6.26 0:00,261906
2009.6.30 0:00,89,2010.6.29 0:00,253,2011.6.28 0:00,10892,2012.6.28 0:00,27315,2013.6.29 0:00,38973,2014.6.28 0:00,56883,2015.6.29 0:00,117119,2016.6.27 0:00,217029,2017.6.28 0:00,279811
2009.7.2 0:00,72,2010.7.1 0:00,273,2011.6.30 0:00,9885,2012.6.30 0:00,23608,2013.7.1 0:00,34053,2014.6.30 0:00,62009,2015.7.1 0:00,150917,2016.6.29 0:00,224112,2017.6.30 0:00,267360
2009.7.4 0:00,89,2010.7.3 0:00,283,2011.7.2 0:00,9454,2012.7.2 0:00,25272,2013.7.3 0:00,35351,2014.7.2 0:00,67724,2015.7.3 0:00,138811,2016.7.1 0:00,210409,2017.7.2 0:00,196539
2009.7.6 0:00,91,2010.7.5 0:00,243,2011.7.4 0:00,9495,2012.7.4 0:00,21992,2013.7.5 0:00,36291,2014.7.4 0:00,61901,2015.7.5 0:00,101714,2016.7.3 0:00,177127,2017.7.4 0:00,255483
2009.7.8 0:00,79,2010.7.7 0:00,209,2011.7.6 0:00,11053,2012.7.6 0:00,21962,2013.7.7 0:00,28865,2014.7.6 0:00,53366,2015.7.7 0:00,201921,2016.7.5 0:00,214959,2017.7.6 0:00,225106
2009.7.10 0:00,82,2010.7.9 0:00,258,2011.7.8 0:00,8211,2012.7.8 0:00,21697,2013.7.9 0:00,41777,2014.7.8 0:00,70042,2015.7.9 0:00,187202,2016.7.7 0:00,216812,2017.7.8 0:00,220835
2009.7.12 0:00,76,2010.7.11 0:00,242,2011.7.10 0:00,8057,2012.7.10 0:00,33442,2013.7.11 0:00,41040,2014.7.10 0:00,64146,2015.7.11 0:00,171652,2016.7.9 0:00,185405,2017.7.10 0:00,251722
2009.7.14 0:00,72,2010.7.13 0:00,1739,2011.7.12 0:00,8795,2012.7.12 0:00,26493,2013.7.13 0:00,40313,2014.7.12 0:00,54181,2015.7.13 0:00,176542,2016.7.11 0:00,218089,2017.7.12 0:00,257138
2009.7.16 0:00,69,2010.7.15 0:00,1793,2011.7.14 0:00,8419,2012.7.14 0:00,25417,2013.7.15 0:00,36738,2014.7.14 0:00,59877,2015.7.15 0:00,122340,2016.7.13 0:00,218093,2017.7.14 0:00,227903
2009.7.18 0:00,3,2010.7.17 0:00,462,2011.7.16 0:00,7821,2012.7.16 0:00,30561,2013.7.17 0:00,39565,2014.7.16 0:00,67767,2015.7.17 0:00,118048,2016.7.15 0:00,216081,2017.7.16 0:00,203165
2009.7.20 0:00,75,2010.7.19 0:00,487,2011.7.18 0:00,8185,2012.7.18 0:00,30733,2013.7.19 0:00,38020,2014.7.18 0:00,62427,2015.7.19 0:00,134643,2016.7.17 0:00,171013,2017.7.18 0:00,260575
2009.7.22 0:00,69,2010.7.21 0:00,465,2011.7.20 0:00,8545,2012.7.20 0:00,35383,2013.7.21 0:00,36884,2014.7.20 0:00,54742,2015.7.21 0:00,123367,2016.7.19 0:00,222146,2017.7.20 0:00,230199
2009.7.24 0:00,75,2010.7.23 0:00,392,2011.7.22 0:00,8437,2012.7.22 0:00,29975,2013.7.23 0:00,39644,2014.7.22 0:00,66921,2015.7.23 0:00,111582,2016.7.21 0:00,217606,2017.7.22 0:00,223358
2009.7.26 0:00,13,2010.7.25 0:00,2337,2011.7.24 0:00,7866,2012.7.24 0:00,29945,2013.7.25 0:00,42304,2014.7.24 0:00,64815,2015.7.25 0:00,106038,2016.7.23 0:00,195796,2017.7.24 0:00,240072
2009.7.28 0:00,44,2010.7.27 0:00,445,2011.7.26 0:00,8401,2012.7.26 0:00,30652,2013.7.27 0:00,35987,2014.7.26 0:00,57528,2015.7.27 0:00,111331,2016.7.25 0:00,240533,2017.7.26 0:00,237853
2009.7.30 0:00,16,2010.7.29 0:00,3455,2011.7.28 0:00,7818,2012.7.28 0:00,33187,2013.7.29 0:00,44260,2014.7.28 0:00,59561,2015.7.29 0:00,136195,2016.7.27 0:00,235603,2017.7.28 0:00,247207
2009.8.1 0:00,23,2010.7.31 0:00,295,2011.7.30 0:00,6854,2012.7.30 0:00,38204,2013.7.31 0:00,51919,2014.7.30 0:00,64442,2015.7.31 0:00,133640,2016.7.29 0:00,231414,2017.7.30 0:00,184145
2009.8.3 0:00,15,2010.8.2 0:00,413,2011.8.1 0:00,8032,2012.8.1 0:00,34163,2013.8.2 0:00,53174,2014.8.1 0:00,69283,2015.8.2 0:00,98976,2016.7.31 0:00,192254,2017.8.1 0:00,131875
2009.8.5 0:00,91,2010.8.4 0:00,375,2011.8.3 0:00,8054,2012.8.3 0:00,29356,2013.8.4 0:00,44605,2014.8.3 0:00,52550,2015.8.4 0:00,132719,2016.8.2 0:00,252252,2017.8.3 0:00,213017
2009.8.7 0:00,74,2010.8.6 0:00,368,2011.8.5 0:00,7308,2012.8.5 0:00,32003,2013.8.6 0:00,52260,2014.8.5 0:00,72928,2015.8.6 0:00,132494,2016.8.4 0:00,231835,2017.8.5 0:00,239771
2009.8.9 0:00,98,2010.8.8 0:00,323,2011.8.7 0:00,6725,2012.8.7 0:00,28636,2013.8.8 0:00,57036,2014.8.7 0:00,70732,2015.8.8 0:00,104420,2016.8.6 0:00,196551,2017.8.7 0:00,249002
2009.8.11 0:00,67,2010.8.10 0:00,402,2011.8.9 0:00,8638,2012.8.9 0:00,33117,2013.8.10 0:00,52040,2014.8.9 0:00,62960,2015.8.10 0:00,110686,2016.8.8 0:00,236291,2017.8.9 0:00,260955
2009.8.13 0:00,81,2010.8.12 0:00,407,2011.8.11 0:00,8116,2012.8.11 0:00,29979,2013.8.12 0:00,45811,2014.8.11 0:00,70184,2015.8.12 0:00,115754,2016.8.10 0:00,245581,2017.8.11 0:00,284001
2009.8.15 0:00,34,2010.8.14 0:00,424,2011.8.13 0:00,7386,2012.8.13 0:00,49678,2013.8.14 0:00,50484,2014.8.13 0:00,75011,2015.8.14 0:00,107950,2016.8.12 0:00,232973,2017.8.13 0:00,263310
2009.8.17 0:00,17,2010.8.16 0:00,318,2011.8.15 0:00,8347,2012.8.15 0:00,49070,2013.8.16 0:00,68301,2014.8.15 0:00,69698,2015.8.16 0:00,86583,2016.8.14 0:00,200577,2017.8.15 0:00,311002
2009.8.19 0:00,15,2010.8.18 0:00,377,2011.8.17 0:00,8128,2012.8.17 0:00,40897,2013.8.18 0:00,53134,2014.8.17 0:00,59319,2015.8.18 0:00,120131,2016.8.16 0:00,256447,2017.8.17 0:00,347319
2009.8.21 0:00,16,2010.8.20 0:00,398,2011.8.19 0:00,7787,2012.8.19 0:00,35022,2013.8.20 0:00,66539,2014.8.19 0:00,75458,2015.8.20 0:00,116834,2016.8.18 0:00,239541,2017.8.19 0:00,266832
2009.8.23 0:00,12,2010.8.22 0:00,350,2011.8.21 0:00,7355,2012.8.21 0:00,40494,2013.8.22 0:00,62772,2014.8.21 0:00,75470,2015.8.22 0:00,107795,2016.8.20 0:00,210352,2017.8.21 0:00,236772
2009.8.25 0:00,55,2010.8.24 0:00,337,2011.8.23 0:00,7425,2012.8.23 0:00,31765,2013.8.24 0:00,51085,2014.8.23 0:00,60189,2015.8.24 0:00,117026,2016.8.22 0:00,229801,2017.8.23 0:00,315734
2009.8.27 0:00,33,2010.8.26 0:00,374,2011.8.25 0:00,7082,2012.8.25 0:00,35491,2013.8.26 0:00,53528,2014.8.25 0:00,66411,2015.8.26 0:00,125549,2016.8.24 0:00,237956,2017.8.25 0:00,208169
2009.8.29 0:00,83,2010.8.28 0:00,348,2011.8.27 0:00,6988,2012.8.27 0:00,31308,2013.8.28 0:00,63645,2014.8.27 0:00,74318,2015.8.28 0:00,121692,2016.8.26 0:00,226767,2017.8.27 0:00,261891
2009.8.31 0:00,95,2010.8.30 0:00,288,2011.8.29 0:00,7807,2012.8.29 0:00,33804,2013.8.30 0:00,60716,2014.8.29 0:00,67664,2015.8.30 0:00,92338,2016.8.28 0:00,174489,2017.8.29 0:00,281116
2009.9.2 0:00,68,2010.9.1 0:00,408,2011.8.31 0:00,7280,2012.8.31 0:00,41495,2013.9.1 0:00,45578,2014.8.31 0:00,59751,2015.9.1 0:00,140970,2016.8.30 0:00,254486,2017.8.31 0:00,280724
2009.9.4 0:00,63,2010.9.3 0:00,314,2011.9.2 0:00,6917,2012.9.2 0:00,31268,2013.9.3 0:00,50503,2014.9.2 0:00,71539,2015.9.3 0:00,137446,2016.9.1 0:00,238207,2017.9.2 0:00,236811
2009.9.6 0:00,72,2010.9.5 0:00,303,2011.9.4 0:00,6612,2012.9.4 0:00,36940,2013.9.5 0:00,60222,2014.9.4 0:00,70940,2015.9.5 0:00,137427,2016.9.3 0:00,182204,2017.9.4 0:00,269280
2009.9.8 0:00,66,2010.9.7 0:00,271,2011.9.6 0:00,7705,2012.9.6 0:00,44218,2013.9.7 0:00,54231,2014.9.6 0:00,67529,2015.9.7 0:00,119041,2016.9.5 0:00,227683,2017.9.6 0:00,276225
2009.9.10 0:00,61,2010.9.9 0:00,343,2011.9.8 0:00,6481,2012.9.8 0:00,34359,2013.9.9 0:00,54966,2014.9.8 0:00,71754,2015.9.9 0:00,128619,2016.9.7 0:00,250809,2017.9.8 0:00,279488
2009.9.12 0:00,71,2010.9.11 0:00,296,2011.9.10 0:00,6453,2012.9.10 0:00,32055,2013.9.11 0:00,49512,2014.9.10 0:00,76417,2015.9.11 0:00,165288,2016.9.9 0:00,222094,2017.9.10 0:00,193240
2009.9.14 0:00,81,2010.9.13 0:00,436,2011.9.12 0:00,6422,2012.9.12 0:00,30406,2013.9.13 0:00,48362,2014.9.12 0:00,66303,2015.9.13 0:00,139320,2016.9.11 0:00,180391,2017.9.12 0:00,256230
2009.9.16 0:00,59,2010.9.15 0:00,450,2011.9.14 0:00,6515,2012.9.14 0:00,35146,2013.9.15 0:00,46764,2014.9.14 0:00,66033,2015.9.15 0:00,165993,2016.9.13 0:00,241215,2017.9.14 0:00,268068
2009.9.18 0:00,81,2010.9.17 0:00,379,2011.9.16 0:00,6042,2012.9.16 0:00,27351,2013.9.17 0:00,66291,2014.9.16 0:00,89326,2015.9.17 0:00,241346,2016.9.15 0:00,233488,2017.9.16 0:00,228257
2009.9.20 0:00,79,2010.9.19 0:00,339,2011.9.18 0:00,5775,2012.9.18 0:00,31313,2013.9.19 0:00,59004,2014.9.18 0:00,79754,2015.9.19 0:00,117999,2016.9.17 0:00,215529,2017.9.18 0:00,218204
2009.9.22 0:00,35,2010.9.21 0:00,636,2011.9.20 0:00,7420,2012.9.20 0:00,33825,2013.9.21 0:00,53286,2014.9.20 0:00,62315,2015.9.21 0:00,124667,2016.9.19 0:00,223540,2017.9.20 0:00,235723
2009.9.24 0:00,82,2010.9.23 0:00,698,2011.9.22 0:00,6808,2012.9.22 0:00,23847,2013.9.23 0:00,60286,2014.9.22 0:00,68526,2015.9.23 0:00,134964,2016.9.21 0:00,239216,2017.9.22 0:00,227615
2009.9.26 0:00,94,2010.9.25 0:00,451,2011.9.24 0:00,6231,2012.9.24 0:00,31279,2013.9.25 0:00,58150,2014.9.24 0:00,81104,2015.9.25 0:00,130740,2016.9.23 0:00,223187,2017.9.24 0:00,185277
2009.9.28 0:00,88,2010.9.27 0:00,639,2011.9.26 0:00,5917,2012.9.26 0:00,31886,2013.9.27 0:00,50429,2014.9.26 0:00,73278,2015.9.27 0:00,107256,2016.9.25 0:00,197298,2017.9.26 0:00,263648
2009.9.30 0:00,87,2010.9.29 0:00,998,2011.9.28 0:00,5795,2012.9.28 0:00,29898,2013.9.29 0:00,41741,2014.9.28 0:00,62200,2015.9.29 0:00,139440,2016.9.27 0:00,243008,2017.9.28 0:00,275976
2009.10.2 0:00,76,2010.10.1 0:00,563,2011.9.30 0:00,5762,2012.9.30 0:00,21143,2013.10.1 0:00,55320,2014.9.30 0:00,78590,2015.10.1 0:00,135885,2016.9.29 0:00,242730,2017.9.30 0:00,212678
2009.10.4 0:00,61,2010.10.3 0:00,401,2011.10.2 0:00,5145,2012.10.2 0:00,28543,2013.10.3 0:00,61708,2014.10.2 0:00,74630,2015.10.3 0:00,132880,2016.10.1 0:00,213930,2017.10.2 0:00,295002
2009.10.6 0:00,43,2010.10.5 0:00,353,2011.10.4 0:00,5316,2012.10.4 0:00,29518,2013.10.5 0:00,47895,2014.10.4 0:00,70430,2015.10.5 0:00,117528,2016.10.3 0:00,260813,2017.10.4 0:00,232826
2009.10.8 0:00,70,2010.10.7 0:00,370,2011.10.6 0:00,6004,2012.10.6 0:00,35662,2013.10.7 0:00,43235,2014.10.6 0:00,75126,2015.10.7 0:00,139516,2016.10.5 0:00,266811,2017.10.6 0:00,283699
2009.10.10 0:00,77,2010.10.9 0:00,382,2011.10.8 0:00,5604,2012.10.8 0:00,38366,2013.10.9 0:00,46991,2014.10.8 0:00,80324,2015.10.9 0:00,119490,2016.10.7 0:00,268419,2017.10.8 0:00,238385
2009.10.12 0:00,63,2010.10.11 0:00,348,2011.10.10 0:00,5530,2012.10.10 0:00,32255,2013.10.11 0:00,54449,2014.10.10 0:00,84811,2015.10.11 0:00,105878,2016.10.9 0:00,210548,2017.10.10 0:00,303101
2009.10.14 0:00,56,2010.10.13 0:00,350,2011.10.12 0:00,6498,2012.10.12 0:00,24200,2013.10.13 0:00,51248,2014.10.12 0:00,63946,2015.10.13 0:00,133757,2016.10.11 0:00,263565,2017.10.12 0:00,293164
2009.10.16 0:00,66,2010.10.15 0:00,333,2011.10.14 0:00,5676,2012.10.14 0:00,26981,2013.10.15 0:00,57320,2014.10.14 0:00,81491,2015.10.15 0:00,157228,2016.10.13 0:00,229703,2017.10.14 0:00,293140
2009.10.18 0:00,65,2010.10.17 0:00,485,2011.10.16 0:00,4878,2012.10.16 0:00,33464,2013.10.17 0:00,45193,2014.10.16 0:00,74010,2015.10.17 0:00,139308,2016.10.15 0:00,210448,2017.10.16 0:00,314725
2009.10.20 0:00,111,2010.10.19 0:00,964,2011.10.18 0:00,5562,2012.10.18 0:00,28432,2013.10.19 0:00,54639,2014.10.18 0:00,69474,2015.10.19 0:00,136583,2016.10.17 0:00,237232,2017.10.18 0:00,329579
2009.10.22 0:00,88,2010.10.21 0:00,602,2011.10.20 0:00,4708,2012.10.20 0:00,27673,2013.10.21 0:00,58142,2014.10.20 0:00,78443,2015.10.21 0:00,161031,2016.10.19 0:00,201025,2017.10.20 0:00,312409
2009.10.24 0:00,75,2010.10.23 0:00,623,2011.10.22 0:00,4820,2012.10.22 0:00,35647,2013.10.23 0:00,54572,2014.10.22 0:00,79546,2015.10.23 0:00,146222,2016.10.21 0:00,265355,2017.10.22 0:00,289131
2009.10.26 0:00,65,2010.10.25 0:00,479,2011.10.24 0:00,5919,2012.10.24 0:00,33568,2013.10.25 0:00,59853,2014.10.24 0:00,81643,2015.10.25 0:00,128209,2016.10.23 0:00,191578,2017.10.24 0:00,347220
2009.10.28 0:00,64,2010.10.27 0:00,569,2011.10.26 0:00,5307,2012.10.26 0:00,22540,2013.10.27 0:00,44388,2014.10.26 0:00,70537,2015.10.27 0:00,141609,2016.10.25 0:00,237030,2017.10.26 0:00,265827
2009.10.30 0:00,62,2010.10.29 0:00,466,2011.10.28 0:00,5111,2012.10.28 0:00,17381,2013.10.29 0:00,51237,2014.10.28 0:00,88600,2015.10.29 0:00,165622,2016.10.27 0:00,326388,2017.10.28 0:00,207066
2009.11.1 0:00,30,2010.10.31 0:00,311,2011.10.30 0:00,4888,2012.10.30 0:00,29930,2013.10.31 0:00,56476,2014.10.30 0:00,93338,2015.10.31 0:00,155292,2016.10.29 0:00,229689,2017.10.30 0:00,316077
2009.11.3 0:00,57,2010.11.2 0:00,283,2011.11.1 0:00,5885,2012.11.1 0:00,25458,2013.11.2 0:00,41179,2014.11.1 0:00,74548,2015.11.2 0:00,159656,2016.10.31 0:00,241778,2017.11.1 0:00,241788
2009.11.5 0:00,65,2010.11.4 0:00,339,2011.11.3 0:00,5746,2012.11.3 0:00,25264,2013.11.4 0:00,42094,2014.11.3 0:00,84522,2015.11.4 0:00,211121,2016.11.2 0:00,268418,2017.11.3 0:00,277598
2009.11.7 0:00,76,2010.11.6 0:00,389,2011.11.5 0:00,6575,2012.11.5 0:00,32202,2013.11.6 0:00,55035,2014.11.5 0:00,89249,2015.11.6 0:00,165214,2016.11.4 0:00,248043,2017.11.5 0:00,251728
2009.11.9 0:00,65,2010.11.8 0:00,498,2011.11.7 0:00,5329,2012.11.7 0:00,37442,2013.11.8 0:00,59961,2014.11.7 0:00,89542,2015.11.8 0:00,134785,2016.11.6 0:00,228420,2017.11.7 0:00,335636
2009.11.11 0:00,78,2010.11.10 0:00,372,2011.11.9 0:00,6627,2012.11.9 0:00,26851,2013.11.10 0:00,57169,2014.11.9 0:00,72217,2015.11.10 0:00,154030,2016.11.8 0:00,296060,2017.11.9 0:00,341281
2009.11.13 0:00,73,2010.11.12 0:00,296,2011.11.11 0:00,5439,2012.11.11 0:00,23728,2013.11.12 0:00,58510,2014.11.11 0:00,87338,2015.11.12 0:00,154219,2016.11.10 0:00,271374,2017.11.11 0:00,194634
2009.11.15 0:00,96,2010.11.14 0:00,399,2011.11.13 0:00,5088,2012.11.13 0:00,24841,2013.11.14 0:00,70175,2014.11.13 0:00,100117,2015.11.14 0:00,156065,2016.11.12 0:00,228886,2017.11.13 0:00,309299
2009.11.17 0:00,91,2010.11.16 0:00,12087,2011.11.15 0:00,6442,2012.11.15 0:00,37743,2013.11.16 0:00,51595,2014.11.15 0:00,74831,2015.11.16 0:00,150942,2016.11.14 0:00,270506,2017.11.15 0:00,321788
2009.11.19 0:00,73,2010.11.18 0:00,434,2011.11.17 0:00,5596,2012.11.17 0:00,34273,2013.11.18 0:00,73198,2014.11.17 0:00,85201,2015.11.18 0:00,168587,2016.11.16 0:00,291186,2017.11.17 0:00,306617
2009.11.21 0:00,77,2010.11.20 0:00,12322,2011.11.19 0:00,4909,2012.11.19 0:00,35160,2013.11.20 0:00,77962,2014.11.19 0:00,87321,2015.11.20 0:00,155128,2016.11.18 0:00,275925,2017.11.19 0:00,264855
2009.11.23 0:00,96,2010.11.22 0:00,395,2011.11.21 0:00,5044,2012.11.21 0:00,41245,2013.11.22 0:00,76646,2014.11.21 0:00,86577,2015.11.22 0:00,126564,2016.11.20 0:00,246537,2017.11.21 0:00,371091
2009.11.25 0:00,85,2010.11.24 0:00,2749,2011.11.23 0:00,5620,2012.11.23 0:00,31482,2013.11.24 0:00,60018,2014.11.23 0:00,75041,2015.11.24 0:00,150056,2016.11.22 0:00,285635,2017.11.23 0:00,352207
2009.11.27 0:00,75,2010.11.26 0:00,1542,2011.11.25 0:00,5374,2012.11.25 0:00,34821,2013.11.26 0:00,80055,2014.11.25 0:00,82813,2015.11.26 0:00,164730,2016.11.24 0:00,333466,2017.11.25 0:00,336689
2009.11.29 0:00,58,2010.11.28 0:00,457,2011.11.27 0:00,4794,2012.11.27 0:00,29528,2013.11.28 0:00,102010,2014.11.27 0:00,82979,2015.11.28 0:00,171602,2016.11.26 0:00,279374,2017.11.27 0:00,379256
2009.12.1 0:00,66,2010.11.30 0:00,455,2011.11.29 0:00,6529,2012.11.29 0:00,39050,2013.11.30 0:00,80868,2014.11.29 0:00,81452,2015.11.30 0:00,172183,2016.11.28 0:00,298530,2017.11.29 0:00,398090
2009.12.3 0:00,85,2010.12.2 0:00,472,2011.12.1 0:00,6735,2012.12.1 0:00,37722,2013.12.2 0:00,74324,2014.12.1 0:00,95220,2015.12.2 0:00,177277,2016.11.30 0:00,292654,2017.12.1 0:00,412908
2009.12.5 0:00,52,2010.12.4 0:00,402,2011.12.3 0:00,5533,2012.12.3 0:00,22407,2013.12.4 0:00,79738,2014.12.3 0:00,97296,2015.12.4 0:00,160944,2016.12.2 0:00,318263,2017.12.3 0:00,353044
2009.12.7 0:00,94,2010.12.6 0:00,447,2011.12.5 0:00,6347,2012.12.5 0:00,33176,2013.12.6 0:00,71277,2014.12.5 0:00,92900,2015.12.6 0:00,179777,2016.12.4 0:00,245650,2017.12.5 0:00,405709
2009.12.9 0:00,104,2010.12.8 0:00,537,2011.12.7 0:00,7119,2012.12.7 0:00,32887,2013.12.8 0:00,49174,2014.12.7 0:00,77357,2015.12.8 0:00,192097,2016.12.6 0:00,319762,2017.12.7 0:00,372345
2009.12.11 0:00,125,2010.12.10 0:00,382,2011.12.9 0:00,5686,2012.12.9 0:00,32838,2013.12.10 0:00,67874,2014.12.9 0:00,89587,2015.12.10 0:00,211452,2016.12.8 0:00,282711,2017.12.9 0:00,403399
2009.12.13 0:00,104,2010.12.12 0:00,564,2011.12.11 0:00,5240,2012.12.11 0:00,36341,2013.12.12 0:00,59677,2014.12.11 0:00,85829,2015.12.12 0:00,211456,2016.12.10 0:00,250241,2017.12.11 0:00,368598
2009.12.15 0:00,117,2010.12.14 0:00,683,2011.12.13 0:00,5515,2012.12.13 0:00,40260,2013.12.14 0:00,55858,2014.12.13 0:00,79512,2015.12.14 0:00,221499,2016.12.12 0:00,268662,2017.12.13 0:00,424579
2009.12.17 0:00,163,2010.12.16 0:00,523,2011.12.15 0:00,5476,2012.12.15 0:00,33526,2013.12.16 0:00,63090,2014.12.15 0:00,95727,2015.12.16 0:00,222531,2016.12.14 0:00,286328,2017.12.15 0:00,405676
2009.12.19 0:00,225,2010.12.18 0:00,466,2011.12.17 0:00,4819,2012.12.17 0:00,40828,2013.12.18 0:00,81656,2014.12.17 0:00,93704,2015.12.18 0:00,214387,2016.12.16 0:00,279361,2017.12.17 0:00,391910
2009.12.21 0:00,188,2010.12.20 0:00,934,2011.12.19 0:00,5200,2012.12.19 0:00,49016,2013.12.20 0:00,69475,2014.12.19 0:00,92052,2015.12.20 0:00,191441,2016.12.18 0:00,235789,2017.12.19 0:00,378622
2009.12.23 0:00,169,2010.12.22 0:00,634,2011.12.21 0:00,5667,2012.12.21 0:00,40658,2013.12.22 0:00,51543,2014.12.21 0:00,80829,2015.12.22 0:00,223130,2016.12.20 0:00,296473,2017.12.21 0:00,335482
2009.12.25 0:00,158,2010.12.24 0:00,578,2011.12.23 0:00,5740,2012.12.23 0:00,39228,2013.12.24 0:00,56872,2014.12.23 0:00,99770,2015.12.24 0:00,227189,2016.12.22 0:00,314644,2017.12.23 0:00,308211
2009.12.27 0:00,170,2010.12.26 0:00,650,2011.12.25 0:00,5307,2012.12.25 0:00,27560,2013.12.26 0:00,48575,2014.12.25 0:00,70684,2015.12.26 0:00,170904,2016.12.24 0:00,240820,2017.12.25 0:00,228926
2009.12.29 0:00,164,2010.12.28 0:00,584,2011.12.27 0:00,5571,2012.12.27 0:00,43119,2013.12.28 0:00,47777,2014.12.27 0:00,78776,2015.12.28 0:00,166837,2016.12.26 0:00,244914,2017.12.27 0:00,307642
2009.12.31 0:00,150,2010.12.30 0:00,542,2011.12.29 0:00,5023,2012.12.29 0:00,39248,2013.12.30 0:00,56501,2014.12.29 0:00,79812,2015.12.30 0:00,181836,2016.12.28 0:00,305394,2017.12.29 0:00,353824
,,,,2011.12.31 0:00,5357,2012.12.31 0:00,34228,,,2014.12.31 0:00,83768,,,2016.12.30 0:00,286818,2017.12.31 0:00,290422
,,,,,,,,,,,,,,,,,
,,,,,,,,,,,,,,,,,
,2009,2010,2011,2012,2013,2014,2015,2016,2017,,,,,,,,
MAX,225,12322,12602,56997,102010,100117,241346,333466,424579,,,,,,,,
AVG,90.08241758,514.1813187,5202.076503,23023.63388,53734.04945,69277.82514,125379.7363,226639.3825,284633.0383,,,,,,,,
MIN,0,118,594,5259,28865,41476,72234,123623,131875,,,,,,,,
H_MAX,1.11351E-05,0.121681963,16.45440492,28.20660012,11388.57803,331485.3001,864036.7037,2589949.671,15363575.41,,,,,,,,
H_AVG,4.45492E-06,0.014877561,6.360979786,15.63206886,1479.465095,140775.7083,403612.8539,1523826.696,6374341.86,,,,,,,,
H_MIN,0,7.64429E-06,0.116733066,8.450978823,19.22278234,11493.6341,262301.1812,693089.3552,2147763.141,,,,,,,,